run_id,date,host,os,kernel,cpu_model,turbo,governor,docker_version,server_image,seed,rep,config,framework,cores,cpuset,profile,rtt_ms,jitter_ms,loss_pct,measured_rtt_ms,netem_drops_client,netem_drops_server,tcp_retrans,client_saturated,goose_cpu_avg_cores,cpu_temp_max_c,cpu_freq_avg_mhz,server_state,oom_kills,endpoint,users,duration_s,requests,rps,mb_per_s,err_pct,status_other,status_5xx,transport_errors,timeouts,lat_mean,lat_p50,lat_p90,lat_p95,lat_p99,lat_p999,lat_max,cpu_idle_cores,cpu_avg_cores,cpu_p95_cores,cpu_util_pct,cpu_s_per_1k_req,mem_idle_mib,mem_avg_mib,mem_p95_mib,mem_max_mib,mem_peak_mib,mem_after_mib,mem_anon_peak_mib
1791477949297_r1_axum-4c_delay_P3,2026-10-08 18:47:23,omih-83df,Ubuntu 26.04.1 LTS,7.0.0-34-generic,Intel(R) Core(TM) i7-14700HX,off,performance,29.8.1,d29e7e24eb36,1791477949297,1,axum-4c,axum,4,"2,4,6,12",P3,60.0,15.0,0.10,59.217,204,198,401,false,0.236,59.0,1447,running,0,delay,256,60.0,188671,3144.52,0.01,0.0000,0,0,0,0,81.402,81.151,100.096,106.240,116.992,355.327,408.660,0.0000,0.126,0.134,3.1,0.0401,1.30,11.31,11.89,12.25,12.39,7.95,8.57
1791477949297_r1_axum-4c_json-large_P5,2026-10-08 18:49:07,omih-83df,Ubuntu 26.04.1 LTS,7.0.0-34-generic,Intel(R) Core(TM) i7-14700HX,off,performance,29.8.1,d29e7e24eb36,1791477949297,1,axum-4c,axum,4,"2,4,6,12",P5,120.0,40.0,2.00,121.674,13481,14376,111,false,0.132,58.0,1434,running,0,json-large,256,60.0,3396,56.60,24.31,0.0000,0,0,0,0,4492.692,4210.688,6864.895,7782.400,9535.487,11501.567,12456.879,0.0000,0.061,0.085,1.5,1.0732,1.29,162.19,181.01,187.81,188.30,63.61,137.31
1791477949297_r1_axum-4c_json_P3,2026-10-08 18:50:41,omih-83df,Ubuntu 26.04.1 LTS,7.0.0-34-generic,Intel(R) Core(TM) i7-14700HX,off,performance,29.8.1,d29e7e24eb36,1791477949297,1,axum-4c,axum,4,"2,4,6,12",P3,60.0,15.0,0.10,60.345,323,290,610,false,0.282,58.0,1401,running,0,json,256,60.0,253252,4220.87,0.11,0.0000,0,0,0,0,60.643,60.032,79.615,84.736,95.999,326.656,384.903,0.0000,0.084,0.095,2.1,0.0200,1.23,12.12,13.01,13.52,13.79,6.93,8.91
1791477949297_r1_axum-4c_cpu_P0,2026-10-08 18:52:17,omih-83df,Ubuntu 26.04.1 LTS,7.0.0-34-generic,Intel(R) Core(TM) i7-14700HX,off,performance,29.8.1,d29e7e24eb36,1791477949297,1,axum-4c,axum,4,"2,4,6,12",P0,0.0,0.0,0.00,0.080,0,0,0,false,0.044,62.0,2096,running,0,cpu,256,60.0,9257,154.28,0.01,0.0000,0,0,0,0,1657.414,1658.880,1667.072,1667.072,1675.264,1675.264,1677.986,0.0000,3.980,3.983,99.5,25.7964,1.28,827.95,828.66,830.11,830.11,826.79,824.46
1791477949297_r1_axum-4c_upload_P0,2026-10-08 18:53:51,omih-83df,Ubuntu 26.04.1 LTS,7.0.0-34-generic,Intel(R) Core(TM) i7-14700HX,off,performance,29.8.1,d29e7e24eb36,1791477949297,1,axum-4c,axum,4,"2,4,6,12",P0,0.0,0.0,0.00,0.076,0,0,46286,false,9.529,65.0,2096,running,0,upload,256,60.0,395928,6598.80,0.11,0.0000,0,0,0,0,38.293,37.760,52.864,58.495,72.960,90.879,104.449,0.0000,3.926,3.961,98.1,0.5949,1.17,348.17,374.91,392.68,418.79,60.00,224.20
1791477949297_r1_axum-4c_delay_P0,2026-10-08 18:55:25,omih-83df,Ubuntu 26.04.1 LTS,7.0.0-34-generic,Intel(R) Core(TM) i7-14700HX,off,performance,29.8.1,d29e7e24eb36,1791477949297,1,axum-4c,axum,4,"2,4,6,12",P0,0.0,0.0,0.00,0.078,0,0,0,false,1.297,66.0,1633,running,0,delay,256,60.0,710359,11839.32,0.02,0.0000,0,0,0,0,21.612,21.567,22.207,22.463,22.848,23.616,43.237,0.0000,0.330,0.358,8.3,0.0279,1.22,10.11,11.01,12.71,13.97,7.66,8.52
1791477949297_r1_axum-4c_delay_P5,2026-10-08 18:57:00,omih-83df,Ubuntu 26.04.1 LTS,7.0.0-34-generic,Intel(R) Core(TM) i7-14700HX,off,performance,29.8.1,d29e7e24eb36,1791477949297,1,axum-4c,axum,4,"2,4,6,12",P5,120.0,40.0,2.00,134.584,2419,2406,4340,false,0.164,66.0,1429,running,0,delay,256,60.0,98702,1645.03,0.00,0.0000,0,0,0,0,155.628,142.847,202.239,232.959,517.120,772.096,1518.874,0.0000,0.083,0.093,2.1,0.0507,1.26,12.64,13.66,14.24,14.41,9.18,9.37
1791477949297_r1_axum-4c_file_P0,2026-10-08 18:58:34,omih-83df,Ubuntu 26.04.1 LTS,7.0.0-34-generic,Intel(R) Core(TM) i7-14700HX,off,performance,29.8.1,d29e7e24eb36,1791477949297,1,axum-4c,axum,4,"2,4,6,12",P0,0.0,0.0,0.00,0.075,0,0,0,false,4.811,64.0,2095,running,0,file,256,60.0,79992,1333.20,4933.29,0.0000,0,0,0,0,192.025,193.024,230.911,242.175,261.632,283.647,319.960,0.0000,3.857,3.921,96.4,2.8927,1.28,59.98,65.66,69.40,82.95,28.83,64.26
1791477949297_r1_axum-4c_json-large_P0,2026-10-08 19:00:08,omih-83df,Ubuntu 26.04.1 LTS,7.0.0-34-generic,Intel(R) Core(TM) i7-14700HX,off,performance,29.8.1,d29e7e24eb36,1791477949297,1,axum-4c,axum,4,"2,4,6,12",P0,0.0,0.0,0.00,0.075,0,0,0,false,1.861,64.0,2092,running,0,json-large,256,60.0,309332,5155.53,2214.01,0.0000,0,0,0,0,49.641,49.279,77.567,85.248,101.120,120.064,194.751,0.0000,4.000,4.015,100.0,0.7758,1.30,24.72,25.63,26.51,32.43,18.14,19.70
1791477949297_r1_axum-4c_file_P3,2026-10-08 19:01:49,omih-83df,Ubuntu 26.04.1 LTS,7.0.0-34-generic,Intel(R) Core(TM) i7-14700HX,off,performance,29.8.1,d29e7e24eb36,1791477949297,1,axum-4c,axum,4,"2,4,6,12",P3,60.0,15.0,0.10,51.362,3641,4153,12,false,0.417,62.0,1410,running,0,file,256,60.0,2453,40.88,151.28,0.0000,0,0,0,0,6198.222,6242.303,8617.984,9338.879,10780.672,12419.072,13268.363,0.0000,0.165,0.212,4.1,4.0380,1.25,369.09,388.95,398.44,402.09,58.05,106.51
1791477949297_r1_axum-4c_json_P5,2026-10-08 19:03:24,omih-83df,Ubuntu 26.04.1 LTS,7.0.0-34-generic,Intel(R) Core(TM) i7-14700HX,off,performance,29.8.1,d29e7e24eb36,1791477949297,1,axum-4c,axum,4,"2,4,6,12",P5,120.0,40.0,2.00,120.002,2777,2749,4950,false,0.193,61.0,1387,running,0,json,256,60.0,114443,1907.38,0.05,0.0000,0,0,0,0,134.202,122.112,180.736,211.456,486.399,743.423,1451.261,0.0000,0.054,0.066,1.3,0.0281,1.20,13.34,14.61,15.45,15.70,8.84,9.43
1791477949297_r1_express-1c_json-large_P0,2026-10-08 19:04:58,omih-83df,Ubuntu 26.04.1 LTS,7.0.0-34-generic,Intel(R) Core(TM) i7-14700HX,off,performance,29.8.1,e0708be228af,1791477949297,1,express-1c,express,1,2,P0,0.0,0.0,0.00,0.077,0,0,0,false,0.259,61.0,2093,running,0,json-large,256,60.0,31298,521.63,222.62,0.0000,0,0,0,0,453.286,233.983,357.375,365.567,437.248,38928.384,43647.040,0.0000,1.000,1.000,100.0,1.9165,20.60,70.92,98.24,104.44,106.94,69.27,95.37
1791477949297_r1_express-1c_json-large_P5,2026-10-08 19:06:42,omih-83df,Ubuntu 26.04.1 LTS,7.0.0-34-generic,Intel(R) Core(TM) i7-14700HX,off,performance,29.8.1,e0708be228af,1791477949297,1,express-1c,express,1,2,P5,120.0,40.0,2.00,125.483,13084,13668,103,false,0.135,63.0,1836,running,0,json-large,256,60.0,3435,57.25,24.43,0.0000,0,0,0,0,4441.244,4120.575,6832.127,7716.864,9404.415,11239.424,12706.717,0.0000,0.178,0.265,17.8,3.1018,20.29,132.27,135.31,137.47,138.58,84.24,87.15
1791477949297_r1_express-1c_file_P0,2026-10-08 19:08:17,omih-83df,Ubuntu 26.04.1 LTS,7.0.0-34-generic,Intel(R) Core(TM) i7-14700HX,off,performance,29.8.1,e0708be228af,1791477949297,1,express-1c,express,1,2,P0,0.0,0.0,0.00,0.071,0,0,0,false,0.708,62.0,2096,running,0,file,256,60.0,14525,242.08,895.79,0.0000,0,0,0,0,1058.126,1052.671,1093.631,1118.207,1232.896,1265.664,1278.281,0.0000,1.000,1.004,100.0,4.1300,20.59,190.97,206.38,209.21,213.10,187.91,200.70
1791477949297_r1_express-1c_json_P3,2026-10-08 19:09:51,omih-83df,Ubuntu 26.04.1 LTS,7.0.0-34-generic,Intel(R) Core(TM) i7-14700HX,off,performance,29.8.1,e0708be228af,1791477949297,1,express-1c,express,1,2,P3,60.0,15.0,0.10,62.722,298,293,584,false,0.345,61.0,1933,running,0,json,256,60.0,252824,4213.73,0.11,0.0000,0,0,0,0,60.748,60.288,79.615,85.248,96.511,324.608,374.619,0.0000,0.190,0.220,19.0,0.0451,20.09,38.49,39.50,39.87,39.88,36.76,34.13
1791477949297_r1_express-1c_json_P5,2026-10-08 19:11:27,omih-83df,Ubuntu 26.04.1 LTS,7.0.0-34-generic,Intel(R) Core(TM) i7-14700HX,off,performance,29.8.1,e0708be228af,1791477949297,1,express-1c,express,1,2,P5,120.0,40.0,2.00,128.237,2831,2766,4991,false,0.188,61.0,1866,running,0,json,256,60.0,114476,1907.93,0.05,0.0000,0,0,0,0,134.191,122.112,181.760,211.456,484.351,747.519,1662.774,0.0000,0.131,0.150,13.1,0.0684,20.64,39.45,40.44,41.18,41.76,37.19,34.91
1791477949297_r1_express-1c_delay_P0,2026-10-08 19:13:01,omih-83df,Ubuntu 26.04.1 LTS,7.0.0-34-generic,Intel(R) Core(TM) i7-14700HX,off,performance,29.8.1,e0708be228af,1791477949297,1,express-1c,express,1,2,P0,0.0,0.0,0.00,0.072,0,0,0,false,1.292,62.0,1942,running,0,delay,256,60.0,714001,11900.02,0.02,0.0000,0,0,0,0,21.502,21.439,22.463,22.848,23.872,33.663,46.748,0.0000,0.503,0.527,50.3,0.0423,20.28,94.63,97.59,97.97,97.98,96.68,91.58
1791477949297_r1_express-1c_json_P0,2026-10-08 19:14:35,omih-83df,Ubuntu 26.04.1 LTS,7.0.0-34-generic,Intel(R) Core(TM) i7-14700HX,off,performance,29.8.1,e0708be228af,1791477949297,1,express-1c,express,1,2,P0,0.0,0.0,0.00,0.077,0,0,0,false,1.613,63.0,2100,running,0,json,256,60.0,1524605,25410.08,0.65,0.0000,0,0,0,0,10.069,9.440,12.575,13.088,14.111,24.384,41.382,0.0000,0.868,0.924,86.8,0.0342,20.21,65.09,74.94,74.94,74.94,72.31,69.39
1791477949297_r1_express-1c_cpu_P0,2026-10-08 19:16:17,omih-83df,Ubuntu 26.04.1 LTS,7.0.0-34-generic,Intel(R) Core(TM) i7-14700HX,off,performance,29.8.1,e0708be228af,1791477949297,1,express-1c,express,1,2,P0,0.0,0.0,0.00,0.063,0,0,0,false,0.010,64.0,2098,running,0,cpu,256,60.0,1867,31.12,0.00,0.0000,0,0,0,0,8002.471,8241.151,8273.919,8273.919,8273.919,8273.919,8287.258,0.0000,1.000,1.002,100.0,32.1314,20.24,51.82,54.85,55.35,55.35,54.18,51.98
1791477949297_r1_express-1c_delay_P3,2026-10-08 19:17:52,omih-83df,Ubuntu 26.04.1 LTS,7.0.0-34-generic,Intel(R) Core(TM) i7-14700HX,off,performance,29.8.1,e0708be228af,1791477949297,1,express-1c,express,1,2,P3,60.0,15.0,0.10,65.553,204,222,423,false,0.285,62.0,1889,running,0,delay,256,60.0,190718,3178.63,0.01,0.0000,0,0,0,0,80.524,80.127,99.584,105.216,115.968,353.279,655.891,0.0000,0.160,0.186,16.0,0.0502,20.23,74.65,88.03,89.01,89.67,86.54,81.61
1791477949297_r1_express-1c_file_P3,2026-10-08 19:19:34,omih-83df,Ubuntu 26.04.1 LTS,7.0.0-34-generic,Intel(R) Core(TM) i7-14700HX,off,performance,29.8.1,e0708be228af,1791477949297,1,express-1c,express,1,2,P3,60.0,15.0,0.10,69.125,3158,3933,7,false,0.306,64.0,2097,running,0,file,256,60.0,2521,42.02,155.48,0.0000,0,0,0,0,6040.144,6078.463,6307.840,6438.912,7553.024,9273.344,10036.799,0.0001,0.987,0.994,98.7,23.5016,19.89,151.63,157.49,164.51,235.45,133.48,126.49
1791477949297_r1_express-1c_echo-json_P0,2026-10-08 19:21:08,omih-83df,Ubuntu 26.04.1 LTS,7.0.0-34-generic,Intel(R) Core(TM) i7-14700HX,off,performance,29.8.1,e0708be228af,1791477949297,1,express-1c,express,1,2,P0,0.0,0.0,0.00,0.078,0,0,1,false,1.001,63.0,2100,running,0,echo-json,256,60.0,827281,13788.02,25.04,0.0000,0,0,0,0,18.560,18.239,19.264,19.520,20.544,36.480,47.224,0.0001,1.000,1.000,100.0,0.0725,19.84,97.23,123.87,130.14,130.64,126.00,120.82
1791477949297_r1_express-1c_plaintext_P0,2026-10-08 19:22:42,omih-83df,Ubuntu 26.04.1 LTS,7.0.0-34-generic,Intel(R) Core(TM) i7-14700HX,off,performance,29.8.1,e0708be228af,1791477949297,1,express-1c,express,1,2,P0,0.0,0.0,0.00,0.073,0,0,0,false,2.392,64.0,2100,running,0,plaintext,256,60.0,1939118,32318.63,0.40,0.0000,0,0,0,0,7.914,7.792,8.223,8.351,8.736,16.448,35.057,0.0000,1.000,1.000,100.0,0.0309,20.36,63.57,70.48,70.48,70.48,68.20,65.28
1791477949297_r1_express-1c_delay_P5,2026-10-08 19:24:17,omih-83df,Ubuntu 26.04.1 LTS,7.0.0-34-generic,Intel(R) Core(TM) i7-14700HX,off,performance,29.8.1,e0708be228af,1791477949297,1,express-1c,express,1,2,P5,120.0,40.0,2.00,129.056,2458,2375,4335,false,0.175,62.0,1722,running,0,delay,256,60.0,99525,1658.75,0.00,0.0000,0,0,0,0,154.376,141.823,201.215,230.911,513.024,796.672,2374.825,0.0000,0.104,0.128,10.4,0.0626,20.44,52.59,58.70,59.19,59.32,55.71,52.07
1791477949297_r1_express-1c_upload_P0,2026-10-08 19:25:51,omih-83df,Ubuntu 26.04.1 LTS,7.0.0-34-generic,Intel(R) Core(TM) i7-14700HX,off,performance,29.8.1,e0708be228af,1791477949297,1,express-1c,express,1,2,P0,0.0,0.0,0.00,0.079,0,0,94728,false,0.659,63.0,2090,running,0,upload,256,60.0,62677,1044.62,0.02,0.0000,0,0,0,0,249.225,240.127,248.320,254.464,414.719,10518.528,21146.383,0.0000,0.979,0.983,97.9,0.9373,20.47,538.77,560.45,561.41,563.10,331.59,325.84
1791477949297_r1_express-4c_json_P5,2026-10-08 19:27:27,omih-83df,Ubuntu 26.04.1 LTS,7.0.0-34-generic,Intel(R) Core(TM) i7-14700HX,off,performance,29.8.1,e0708be228af,1791477949297,1,express-4c,express,4,"2,4,6,12",P5,120.0,40.0,2.00,129.372,2792,2804,4963,false,0.179,62.0,1538,running,0,json,256,60.0,114616,1910.27,0.05,0.0000,0,0,0,0,134.048,122.112,181.760,211.456,484.351,747.519,1728.051,0.0000,0.223,0.296,5.6,0.1166,87.29,140.19,142.08,142.57,143.64,138.89,130.75
1791477949297_r1_express-4c_upload_P0,2026-10-08 19:29:01,omih-83df,Ubuntu 26.04.1 LTS,7.0.0-34-generic,Intel(R) Core(TM) i7-14700HX,off,performance,29.8.1,e0708be228af,1791477949297,1,express-4c,express,4,"2,4,6,12",P0,0.0,0.0,0.00,0.078,0,0,219149,false,3.322,64.0,2075,running,0,upload,256,60.0,204902,3415.03,0.06,0.0000,0,0,0,0,74.645,71.936,90.879,100.096,142.847,179.712,257.394,0.0000,3.684,3.886,92.1,1.0788,88.06,1221.05,1228.43,1231.42,1237.17,992.86,975.06
1791477949297_r1_express-4c_delay_P0,2026-10-08 19:30:35,omih-83df,Ubuntu 26.04.1 LTS,7.0.0-34-generic,Intel(R) Core(TM) i7-14700HX,off,performance,29.8.1,e0708be228af,1791477949297,1,express-4c,express,4,"2,4,6,12",P0,0.0,0.0,0.00,0.079,0,0,0,false,1.375,63.0,1563,running,0,delay,256,60.0,743183,12386.38,0.02,0.0000,0,0,0,0,20.658,20.672,21.311,21.439,21.823,22.335,24.852,0.0000,0.598,0.649,14.9,0.0483,87.32,281.39,345.25,346.16,347.58,346.05,328.76
1791477949297_r1_express-4c_delay_P5,2026-10-08 19:32:10,omih-83df,Ubuntu 26.04.1 LTS,7.0.0-34-generic,Intel(R) Core(TM) i7-14700HX,off,performance,29.8.1,e0708be228af,1791477949297,1,express-4c,express,4,"2,4,6,12",P5,120.0,40.0,2.00,123.415,2504,2376,4399,false,0.164,61.0,1465,running,0,delay,256,60.0,99239,1653.98,0.00,0.0000,0,0,0,0,154.762,142.847,201.215,231.935,515.072,772.096,2144.487,0.0000,0.221,0.308,5.5,0.1338,86.96,137.36,142.22,142.97,143.21,138.10,130.86
1791477949297_r1_express-4c_file_P0,2026-10-08 19:33:45,omih-83df,Ubuntu 26.04.1 LTS,7.0.0-34-generic,Intel(R) Core(TM) i7-14700HX,off,performance,29.8.1,e0708be228af,1791477949297,1,express-4c,express,4,"2,4,6,12",P0,0.0,0.0,0.00,0.062,0,0,0,false,2.422,64.0,2076,running,0,file,256,60.0,40512,675.20,2498.47,0.0000,0,0,0,0,379.148,377.856,418.815,431.103,457.728,498.688,518.571,0.0000,3.227,3.398,80.7,4.7794,87.75,471.12,484.37,493.70,500.18,477.39,472.80
1791477949297_r1_express-4c_json-large_P0,2026-10-08 19:35:19,omih-83df,Ubuntu 26.04.1 LTS,7.0.0-34-generic,Intel(R) Core(TM) i7-14700HX,off,performance,29.8.1,e0708be228af,1791477949297,1,express-4c,express,4,"2,4,6,12",P0,0.0,0.0,0.00,0.074,0,0,0,false,0.839,64.0,2092,running,0,json-large,256,60.0,123682,2061.37,879.74,0.0000,0,0,0,0,124.194,118.528,154.112,176.639,249.344,324.608,948.925,0.0000,3.986,4.000,99.7,1.9338,88.13,215.97,240.27,250.40,271.14,179.29,233.04
1791477949297_r1_express-4c_json-large_P5,2026-10-08 19:37:04,omih-83df,Ubuntu 26.04.1 LTS,7.0.0-34-generic,Intel(R) Core(TM) i7-14700HX,off,performance,29.8.1,e0708be228af,1791477949297,1,express-4c,express,4,"2,4,6,12",P5,120.0,40.0,2.00,127.292,12919,13821,116,false,0.129,64.0,1488,running,0,json-large,256,60.0,3404,56.73,24.21,0.0000,0,0,0,0,4486.834,4210.688,6832.127,7684.096,9142.272,11042.816,12407.484,0.0000,0.171,0.265,4.3,3.0131,87.78,354.34,412.03,420.16,420.79,285.06,364.75
1791477949297_r1_express-4c_cpu_P0,2026-10-08 19:38:40,omih-83df,Ubuntu 26.04.1 LTS,7.0.0-34-generic,Intel(R) Core(TM) i7-14700HX,off,performance,29.8.1,e0708be228af,1791477949297,1,express-4c,express,4,"2,4,6,12",P0,0.0,0.0,0.00,0.079,0,0,0,false,0.032,64.0,2097,running,0,cpu,256,60.0,6668,111.13,0.01,0.0000,0,0,0,0,2299.653,2301.952,2400.256,2433.023,2449.407,2465.791,2472.057,0.0000,3.850,3.861,96.3,34.6455,87.60,430.59,435.44,435.44,435.71,434.23,426.15
1791477949297_r1_express-4c_delay_P3,2026-10-08 19:40:15,omih-83df,Ubuntu 26.04.1 LTS,7.0.0-34-generic,Intel(R) Core(TM) i7-14700HX,off,performance,29.8.1,e0708be228af,1791477949297,1,express-4c,express,4,"2,4,6,12",P3,60.0,15.0,0.10,62.318,197,200,396,false,0.242,64.0,1580,running,0,delay,256,60.0,190590,3176.50,0.01,0.0000,0,0,0,0,80.587,80.127,99.584,105.216,115.968,353.279,436.759,0.0000,0.308,0.402,7.7,0.0970,87.98,157.53,167.88,168.68,169.02,165.72,156.96
1791477949297_r1_express-4c_file_P3,2026-10-08 19:41:56,omih-83df,Ubuntu 26.04.1 LTS,7.0.0-34-generic,Intel(R) Core(TM) i7-14700HX,off,performance,29.8.1,e0708be228af,1791477949297,1,express-4c,express,4,"2,4,6,12",P3,60.0,15.0,0.10,58.605,3809,4253,15,false,0.443,63.0,1500,running,0,file,256,60.0,3007,50.12,185.45,0.0000,0,0,0,0,4965.507,5390.336,8077.311,8880.128,10125.311,11501.567,13612.292,0.0000,0.329,0.747,8.2,6.5728,87.86,697.15,716.59,731.54,733.09,412.52,406.05
1791477949297_r1_express-4c_json_P3,2026-10-08 19:43:31,omih-83df,Ubuntu 26.04.1 LTS,7.0.0-34-generic,Intel(R) Core(TM) i7-14700HX,off,performance,29.8.1,e0708be228af,1791477949297,1,express-4c,express,4,"2,4,6,12",P3,60.0,15.0,0.10,63.590,340,270,607,false,0.329,62.0,1601,running,0,json,256,60.0,252805,4213.42,0.11,0.0000,0,0,0,0,60.752,60.288,79.615,85.248,95.999,324.608,401.599,0.0000,0.332,0.398,8.3,0.0787,87.58,151.13,153.39,153.92,153.92,149.55,142.73
1791477949297_r1_axum-1c_cpu_P0,2026-10-08 19:45:11,omih-83df,Ubuntu 26.04.1 LTS,7.0.0-34-generic,Intel(R) Core(TM) i7-14700HX,off,performance,29.8.1,d29e7e24eb36,1791477949297,1,axum-1c,axum,1,2,P0,0.0,0.0,0.00,0.084,0,0,0,false,0.013,61.0,2099,running,0,cpu,256,60.0,2507,41.78,0.00,0.0000,0,0,0,0,6027.137,6111.231,6143.999,6143.999,6143.999,6143.999,6144.705,0.0000,1.000,1.004,100.0,23.9293,1.01,213.02,214.32,214.90,214.97,211.82,210.92
1791477949297_r1_axum-1c_json-large_P5,2026-10-08 19:46:56,omih-83df,Ubuntu 26.04.1 LTS,7.0.0-34-generic,Intel(R) Core(TM) i7-14700HX,off,performance,29.8.1,d29e7e24eb36,1791477949297,1,axum-1c,axum,1,2,P5,120.0,40.0,2.00,115.495,13038,13866,87,false,0.127,59.0,1804,running,0,json-large,256,60.0,3414,56.90,24.44,0.0000,0,0,0,0,4467.863,4210.688,6766.592,7749.632,9535.487,11698.175,11858.307,0.0000,0.058,0.078,5.8,1.0230,1.16,104.69,108.30,110.93,111.47,36.48,61.86
1791477949297_r1_axum-1c_file_P0,2026-10-08 19:48:30,omih-83df,Ubuntu 26.04.1 LTS,7.0.0-34-generic,Intel(R) Core(TM) i7-14700HX,off,performance,29.8.1,d29e7e24eb36,1791477949297,1,axum-1c,axum,1,2,P0,0.0,0.0,0.00,0.075,0,0,0,false,0.940,61.0,2098,running,0,file,256,60.0,24167,402.78,1490.44,0.0000,0,0,0,0,635.773,563.199,1257.472,1454.080,1527.807,1568.767,1609.509,0.0000,1.000,1.003,100.0,2.4822,0.99,45.21,45.87,46.49,48.02,24.76,41.32
1791477949297_r1_axum-1c_echo-json_P0,2026-10-08 19:50:04,omih-83df,Ubuntu 26.04.1 LTS,7.0.0-34-generic,Intel(R) Core(TM) i7-14700HX,off,performance,29.8.1,d29e7e24eb36,1791477949297,1,axum-1c,axum,1,2,P0,0.0,0.0,0.00,0.075,0,0,0,false,1.355,62.0,2100,running,0,echo-json,256,60.0,1507936,25132.27,45.68,0.0000,0,0,0,0,10.181,10.143,10.335,10.463,10.720,11.168,13.822,0.0000,1.000,1.000,100.0,0.0398,1.30,11.33,11.85,12.36,12.63,7.59,6.71
1791477949297_r1_axum-1c_json_P5,2026-10-08 19:51:39,omih-83df,Ubuntu 26.04.1 LTS,7.0.0-34-generic,Intel(R) Core(TM) i7-14700HX,off,performance,29.8.1,d29e7e24eb36,1791477949297,1,axum-1c,axum,1,2,P5,120.0,40.0,2.00,133.235,2817,2755,5016,false,0.178,61.0,1574,running,0,json,256,60.0,114697,1911.62,0.05,0.0000,0,0,0,0,133.922,122.112,180.736,211.456,484.351,731.135,1721.813,0.0000,0.040,0.044,4.0,0.0209,1.06,11.48,12.48,12.96,12.98,8.34,7.42
1791477949297_r1_axum-1c_delay_P3,2026-10-08 19:53:14,omih-83df,Ubuntu 26.04.1 LTS,7.0.0-34-generic,Intel(R) Core(TM) i7-14700HX,off,performance,29.8.1,d29e7e24eb36,1791477949297,1,axum-1c,axum,1,2,P3,60.0,15.0,0.10,61.713,213,197,407,false,0.247,63.0,1712,running,0,delay,256,60.0,188588,3143.13,0.01,0.0000,0,0,0,0,81.438,81.151,100.096,105.728,116.992,357.375,409.323,0.0000,0.066,0.071,6.6,0.0209,1.06,10.06,10.52,10.80,11.33,7.86,7.38
1791477949297_r1_axum-1c_upload_P0,2026-10-08 19:54:48,omih-83df,Ubuntu 26.04.1 LTS,7.0.0-34-generic,Intel(R) Core(TM) i7-14700HX,off,performance,29.8.1,d29e7e24eb36,1791477949297,1,axum-1c,axum,1,2,P0,0.0,0.0,0.00,0.077,0,0,18543,false,2.191,64.0,2097,running,0,upload,256,60.0,170546,2842.43,0.05,0.0000,0,0,0,0,89.832,89.344,92.415,92.927,94.975,121.088,139.835,0.0000,1.000,1.004,100.0,0.3518,1.05,301.54,310.83,312.33,316.56,106.95,157.58
1791477949297_r1_axum-1c_file_P3,2026-10-08 19:56:29,omih-83df,Ubuntu 26.04.1 LTS,7.0.0-34-generic,Intel(R) Core(TM) i7-14700HX,off,performance,29.8.1,d29e7e24eb36,1791477949297,1,axum-1c,axum,1,2,P3,60.0,15.0,0.10,55.704,4178,4734,14,false,0.466,64.0,1894,running,0,file,256,60.0,3724,62.07,229.67,0.0000,0,0,0,0,4051.161,3956.735,6406.144,7258.111,8749.056,10059.775,11967.292,0.0000,0.607,0.981,60.7,9.7731,1.06,261.53,391.65,406.41,406.66,39.83,75.50
1791477949297_r1_axum-1c_json_P3,2026-10-08 19:58:03,omih-83df,Ubuntu 26.04.1 LTS,7.0.0-34-generic,Intel(R) Core(TM) i7-14700HX,off,performance,29.8.1,d29e7e24eb36,1791477949297,1,axum-1c,axum,1,2,P3,60.0,15.0,0.10,58.590,295,333,626,false,0.336,62.0,1876,running,0,json,256,60.0,253105,4218.42,0.11,0.0000,0,0,0,0,60.680,60.032,79.615,85.248,95.999,326.656,608.143,0.0000,0.071,0.076,7.1,0.0168,1.04,10.21,10.75,11.16,11.87,5.87,7.16
1791477949297_r1_axum-1c_json_P0,2026-10-08 19:59:37,omih-83df,Ubuntu 26.04.1 LTS,7.0.0-34-generic,Intel(R) Core(TM) i7-14700HX,off,performance,29.8.1,d29e7e24eb36,1791477949297,1,axum-1c,axum,1,2,P0,0.0,0.0,0.00,0.076,0,0,0,false,6.591,67.0,2099,running,0,json,256,60.0,4960354,82672.57,2.13,0.0000,0,0,0,0,3.089,3.159,3.559,3.704,4.239,5.295,9.598,0.0000,1.000,1.000,100.0,0.0121,1.01,8.98,9.22,9.95,11.79,6.85,6.40
1791477949297_r1_axum-1c_plaintext_P0,2026-10-08 20:01:11,omih-83df,Ubuntu 26.04.1 LTS,7.0.0-34-generic,Intel(R) Core(TM) i7-14700HX,off,performance,29.8.1,d29e7e24eb36,1791477949297,1,axum-1c,axum,1,2,P0,0.0,0.0,0.00,0.074,0,0,0,false,8.430,64.0,2100,running,0,plaintext,256,60.0,5936822,98947.03,1.23,0.0000,0,0,0,0,2.579,2.599,2.792,2.904,3.288,4.688,8.307,0.0000,1.000,1.000,100.0,0.0101,1.27,9.34,10.07,11.47,12.41,6.97,6.34
1791477949297_r1_axum-1c_delay_P5,2026-10-08 20:02:46,omih-83df,Ubuntu 26.04.1 LTS,7.0.0-34-generic,Intel(R) Core(TM) i7-14700HX,off,performance,29.8.1,d29e7e24eb36,1791477949297,1,axum-1c,axum,1,2,P5,120.0,40.0,2.00,135.048,2428,2439,4375,false,0.168,62.0,1542,running,0,delay,256,60.0,98740,1645.67,0.00,0.0000,0,0,0,0,155.559,142.847,202.239,233.983,515.072,780.288,2322.284,0.0000,0.043,0.048,4.3,0.0263,1.05,11.35,12.18,12.42,12.77,8.61,7.53
1791477949297_r1_axum-1c_delay_P0,2026-10-08 20:04:20,omih-83df,Ubuntu 26.04.1 LTS,7.0.0-34-generic,Intel(R) Core(TM) i7-14700HX,off,performance,29.8.1,d29e7e24eb36,1791477949297,1,axum-1c,axum,1,2,P0,0.0,0.0,0.00,0.079,0,0,0,false,1.253,59.0,1663,running,0,delay,256,60.0,702128,11702.13,0.02,0.0000,0,0,0,0,21.866,21.823,22.720,23.104,23.616,24.256,26.169,0.0000,0.195,0.211,19.5,0.0166,1.02,8.91,9.28,10.97,12.43,7.10,6.66
1791477949297_r1_axum-1c_json-large_P0,2026-10-08 20:05:54,omih-83df,Ubuntu 26.04.1 LTS,7.0.0-34-generic,Intel(R) Core(TM) i7-14700HX,off,performance,29.8.1,d29e7e24eb36,1791477949297,1,axum-1c,axum,1,2,P0,0.0,0.0,0.00,0.077,0,0,0,false,0.507,59.0,2090,running,0,json-large,256,60.0,77207,1286.78,552.60,0.0000,0,0,0,0,198.931,202.239,203.263,203.263,204.287,396.288,406.981,0.0000,1.000,1.000,100.0,0.7770,1.07,22.01,22.73,25.37,26.30,17.04,19.04
1791477949297_r2_axum-4c_file_P0,2026-10-08 20:07:27,omih-83df,Ubuntu 26.04.1 LTS,7.0.0-34-generic,Intel(R) Core(TM) i7-14700HX,off,performance,29.8.1,d29e7e24eb36,1791477949297,2,axum-4c,axum,4,"2,4,6,12",P0,0.0,0.0,0.00,0.076,0,0,0,false,4.843,64.0,2094,running,0,file,256,60.0,80439,1340.65,4960.86,0.0000,0,0,0,0,190.919,192.000,229.887,240.127,259.584,283.647,342.039,0.0000,3.847,3.915,96.2,2.8692,1.28,61.88,66.20,70.77,79.41,27.72,65.78
1791477949297_r2_axum-4c_upload_P0,2026-10-08 20:09:01,omih-83df,Ubuntu 26.04.1 LTS,7.0.0-34-generic,Intel(R) Core(TM) i7-14700HX,off,performance,29.8.1,d29e7e24eb36,1791477949297,2,axum-4c,axum,4,"2,4,6,12",P0,0.0,0.0,0.00,0.079,0,0,29597,false,9.698,66.0,2097,running,0,upload,256,60.0,399769,6662.82,0.11,0.0000,0,0,0,0,37.915,36.992,50.816,55.679,69.376,84.736,92.389,0.0000,3.952,3.968,98.8,0.5932,1.19,350.67,385.47,400.68,414.58,134.36,222.40
1791477949297_r2_axum-4c_cpu_P0,2026-10-08 20:10:37,omih-83df,Ubuntu 26.04.1 LTS,7.0.0-34-generic,Intel(R) Core(TM) i7-14700HX,off,performance,29.8.1,d29e7e24eb36,1791477949297,2,axum-4c,axum,4,"2,4,6,12",P0,0.0,0.0,0.00,0.079,0,0,0,false,0.045,64.0,2097,running,0,cpu,256,60.0,9258,154.30,0.01,0.0000,0,0,0,0,1657.528,1658.880,1667.072,1675.264,1683.456,1683.456,1684.490,0.0000,3.980,3.984,99.5,25.7948,1.24,827.97,828.34,829.88,829.88,826.64,824.33
1791477949297_r2_axum-4c_json_P5,2026-10-08 20:12:12,omih-83df,Ubuntu 26.04.1 LTS,7.0.0-34-generic,Intel(R) Core(TM) i7-14700HX,off,performance,29.8.1,d29e7e24eb36,1791477949297,2,axum-4c,axum,4,"2,4,6,12",P5,120.0,40.0,2.00,115.411,2848,2801,5060,false,0.170,62.0,1364,running,0,json,256,60.0,114250,1904.17,0.05,0.0000,0,0,0,0,134.436,122.112,181.760,212.480,484.351,755.712,1649.246,0.0000,0.053,0.062,1.3,0.0276,1.19,13.10,14.32,14.75,14.89,8.72,9.53
1791477949297_r2_axum-4c_file_P3,2026-10-08 20:13:52,omih-83df,Ubuntu 26.04.1 LTS,7.0.0-34-generic,Intel(R) Core(TM) i7-14700HX,off,performance,29.8.1,d29e7e24eb36,1791477949297,2,axum-4c,axum,4,"2,4,6,12",P3,60.0,15.0,0.10,63.924,3680,4086,12,false,0.414,61.0,1409,running,0,file,256,60.0,2461,41.02,151.78,0.0000,0,0,0,0,6193.063,6209.535,8617.984,9338.879,10452.992,11960.319,13121.652,0.0000,0.166,0.206,4.2,4.0504,1.18,364.54,380.09,388.89,393.27,51.62,107.87
1791477949297_r2_axum-4c_delay_P5,2026-10-08 20:15:26,omih-83df,Ubuntu 26.04.1 LTS,7.0.0-34-generic,Intel(R) Core(TM) i7-14700HX,off,performance,29.8.1,d29e7e24eb36,1791477949297,2,axum-4c,axum,4,"2,4,6,12",P5,120.0,40.0,2.00,119.232,2424,2355,4300,false,0.140,59.0,1363,running,0,delay,256,60.0,99000,1650.00,0.00,0.0000,0,0,0,0,155.129,142.847,202.239,231.935,513.024,792.576,1566.394,0.0000,0.080,0.086,2.0,0.0482,1.31,12.55,13.53,13.88,14.11,9.00,9.24
1791477949297_r2_axum-4c_json-large_P0,2026-10-08 20:17:00,omih-83df,Ubuntu 26.04.1 LTS,7.0.0-34-generic,Intel(R) Core(TM) i7-14700HX,off,performance,29.8.1,d29e7e24eb36,1791477949297,2,axum-4c,axum,4,"2,4,6,12",P0,0.0,0.0,0.00,0.061,0,0,0,false,1.867,63.0,2091,running,0,json-large,256,60.0,311443,5190.72,2229.12,0.0000,0,0,0,0,49.313,48.767,77.055,84.736,99.584,117.504,178.382,0.0000,4.000,4.000,100.0,0.7706,1.27,24.02,24.88,25.29,30.62,17.52,18.16
1791477949297_r2_axum-4c_json-large_P5,2026-10-08 20:18:44,omih-83df,Ubuntu 26.04.1 LTS,7.0.0-34-generic,Intel(R) Core(TM) i7-14700HX,off,performance,29.8.1,d29e7e24eb36,1791477949297,2,axum-4c,axum,4,"2,4,6,12",P5,120.0,40.0,2.00,105.360,12898,13775,97,false,0.132,61.0,1431,running,0,json-large,256,60.0,3404,56.73,24.36,0.0000,0,0,0,0,4505.622,4210.688,6864.895,7749.632,9469.951,11501.567,12338.856,0.0000,0.060,0.081,1.5,1.0529,1.26,145.54,159.55,163.51,163.80,77.82,115.93
1791477949297_r2_axum-4c_delay_P3,2026-10-08 20:20:18,omih-83df,Ubuntu 26.04.1 LTS,7.0.0-34-generic,Intel(R) Core(TM) i7-14700HX,off,performance,29.8.1,d29e7e24eb36,1791477949297,2,axum-4c,axum,4,"2,4,6,12",P3,60.0,15.0,0.10,63.619,200,208,404,false,0.249,61.0,1472,running,0,delay,256,60.0,188700,3145.00,0.01,0.0000,0,0,0,0,81.387,80.639,100.096,105.728,116.992,355.327,495.335,0.0000,0.123,0.131,3.1,0.0391,1.35,11.26,12.10,12.48,12.90,7.96,8.74
1791477949297_r2_axum-4c_delay_P0,2026-10-08 20:21:52,omih-83df,Ubuntu 26.04.1 LTS,7.0.0-34-generic,Intel(R) Core(TM) i7-14700HX,off,performance,29.8.1,d29e7e24eb36,1791477949297,2,axum-4c,axum,4,"2,4,6,12",P0,0.0,0.0,0.00,0.076,0,0,0,false,1.276,61.0,1597,running,0,delay,256,60.0,710864,11847.73,0.02,0.0000,0,0,0,0,21.599,21.567,22.207,22.463,22.848,23.360,25.332,0.0000,0.320,0.334,8.0,0.0270,1.24,9.91,10.49,11.73,13.76,7.35,7.73
1791477949297_r2_axum-4c_json_P3,2026-10-08 20:23:26,omih-83df,Ubuntu 26.04.1 LTS,7.0.0-34-generic,Intel(R) Core(TM) i7-14700HX,off,performance,29.8.1,d29e7e24eb36,1791477949297,2,axum-4c,axum,4,"2,4,6,12",P3,60.0,15.0,0.10,58.828,276,287,558,false,0.305,61.0,1451,running,0,json,256,60.0,253118,4218.63,0.11,0.0000,0,0,0,0,60.677,60.288,79.615,85.248,95.999,324.608,376.435,0.0000,0.084,0.093,2.1,0.0198,1.19,12.97,13.80,14.12,14.50,7.25,9.33
1791477949297_r2_express-4c_upload_P0,2026-10-08 20:25:00,omih-83df,Ubuntu 26.04.1 LTS,7.0.0-34-generic,Intel(R) Core(TM) i7-14700HX,off,performance,29.8.1,e0708be228af,1791477949297,2,express-4c,express,4,"2,4,6,12",P0,0.0,0.0,0.00,0.079,0,0,237767,false,3.284,64.0,2071,running,0,upload,256,60.0,211806,3530.10,0.06,0.0000,0,0,0,0,72.224,69.376,87.808,96.511,138.751,173.567,227.007,0.0000,3.749,3.938,93.7,1.0621,88.08,1277.67,1283.30,1285.88,1299.62,1051.92,1044.28
1791477949297_r2_express-4c_json-large_P5,2026-10-08 20:26:45,omih-83df,Ubuntu 26.04.1 LTS,7.0.0-34-generic,Intel(R) Core(TM) i7-14700HX,off,performance,29.8.1,e0708be228af,1791477949297,2,express-4c,express,4,"2,4,6,12",P5,120.0,40.0,2.00,123.158,12930,13960,108,false,0.129,62.0,1439,running,0,json-large,256,60.0,3382,56.37,24.06,0.0000,0,0,0,0,4515.767,4243.456,6832.127,7716.864,9601.023,10911.744,11448.143,0.0000,0.169,0.259,4.2,2.9949,88.53,341.57,399.21,401.47,402.40,253.34,345.14
1791477949297_r2_express-4c_delay_P5,2026-10-08 20:28:21,omih-83df,Ubuntu 26.04.1 LTS,7.0.0-34-generic,Intel(R) Core(TM) i7-14700HX,off,performance,29.8.1,e0708be228af,1791477949297,2,express-4c,express,4,"2,4,6,12",P5,120.0,40.0,2.00,112.346,2437,2407,4353,false,0.143,61.0,1474,running,0,delay,256,60.0,99409,1656.82,0.00,0.0000,0,0,0,0,154.530,141.823,201.215,231.935,517.120,792.576,1574.454,0.0001,0.215,0.309,5.4,0.1301,87.92,138.28,142.72,142.99,143.25,139.16,131.57
1791477949297_r2_express-4c_cpu_P0,2026-10-08 20:29:57,omih-83df,Ubuntu 26.04.1 LTS,7.0.0-34-generic,Intel(R) Core(TM) i7-14700HX,off,performance,29.8.1,e0708be228af,1791477949297,2,express-4c,express,4,"2,4,6,12",P0,0.0,0.0,0.00,0.081,0,0,0,false,0.035,63.0,2098,running,0,cpu,256,60.0,6983,116.38,0.01,0.0000,0,0,0,0,2195.105,2187.264,2695.168,2711.552,2727.936,2760.704,2761.026,0.0001,4.000,4.002,100.0,34.3666,88.00,429.04,433.88,433.89,433.89,432.66,424.71
1791477949297_r2_express-4c_file_P0,2026-10-08 20:31:31,omih-83df,Ubuntu 26.04.1 LTS,7.0.0-34-generic,Intel(R) Core(TM) i7-14700HX,off,performance,29.8.1,e0708be228af,1791477949297,2,express-4c,express,4,"2,4,6,12",P0,0.0,0.0,0.00,0.071,0,0,0,false,2.479,64.0,2084,running,0,file,256,60.0,42398,706.63,2614.78,0.0000,0,0,0,0,362.422,361.471,398.336,408.575,439.296,470.015,491.634,0.0000,3.237,3.389,80.9,4.5809,87.74,465.36,482.67,490.52,501.20,476.24,470.48
1791477949297_r2_express-4c_json-large_P0,2026-10-08 20:33:05,omih-83df,Ubuntu 26.04.1 LTS,7.0.0-34-generic,Intel(R) Core(TM) i7-14700HX,off,performance,29.8.1,e0708be228af,1791477949297,2,express-4c,express,4,"2,4,6,12",P0,0.0,0.0,0.00,0.077,0,0,0,false,0.847,64.0,2092,running,0,json-large,256,60.0,125034,2083.90,889.35,0.0000,0,0,0,0,122.863,118.016,151.040,180.736,244.224,304.127,886.032,0.0000,3.993,4.001,99.8,1.9163,87.48,218.84,249.29,269.66,280.79,187.60,251.17
1791477949297_r2_express-4c_json_P3,2026-10-08 20:34:39,omih-83df,Ubuntu 26.04.1 LTS,7.0.0-34-generic,Intel(R) Core(TM) i7-14700HX,off,performance,29.8.1,e0708be228af,1791477949297,2,express-4c,express,4,"2,4,6,12",P3,60.0,15.0,0.10,58.543,279,298,574,false,0.299,62.0,1555,running,0,json,256,60.0,252826,4213.77,0.11,0.0000,0,0,0,0,60.746,60.288,79.615,85.248,95.999,324.608,596.970,0.0000,0.327,0.428,8.2,0.0775,87.32,143.78,145.14,145.61,145.61,141.86,134.83
1791477949297_r2_express-4c_delay_P0,2026-10-08 20:36:13,omih-83df,Ubuntu 26.04.1 LTS,7.0.0-34-generic,Intel(R) Core(TM) i7-14700HX,off,performance,29.8.1,e0708be228af,1791477949297,2,express-4c,express,4,"2,4,6,12",P0,0.0,0.0,0.00,0.074,0,0,0,false,1.404,61.0,1533,running,0,delay,256,60.0,744032,12400.53,0.02,0.0000,0,0,0,0,20.633,20.672,21.311,21.439,21.823,22.335,24.718,0.0001,0.590,0.657,14.7,0.0475,87.68,276.94,340.36,341.63,343.14,341.73,324.32
1791477949297_r2_express-4c_json_P5,2026-10-08 20:37:49,omih-83df,Ubuntu 26.04.1 LTS,7.0.0-34-generic,Intel(R) Core(TM) i7-14700HX,off,performance,29.8.1,e0708be228af,1791477949297,2,express-4c,express,4,"2,4,6,12",P5,120.0,40.0,2.00,110.656,2733,2848,5002,false,0.182,61.0,1480,running,0,json,256,60.0,114267,1904.45,0.05,0.0000,0,0,0,0,134.405,122.112,181.760,212.480,484.351,768.000,1668.675,0.0000,0.229,0.303,5.7,0.1205,87.45,145.40,147.39,147.73,148.61,144.59,136.15
1791477949297_r2_express-4c_delay_P3,2026-10-08 20:39:23,omih-83df,Ubuntu 26.04.1 LTS,7.0.0-34-generic,Intel(R) Core(TM) i7-14700HX,off,performance,29.8.1,e0708be228af,1791477949297,2,express-4c,express,4,"2,4,6,12",P3,60.0,15.0,0.10,59.334,201,210,410,false,0.257,59.0,1504,running,0,delay,256,60.0,190295,3171.58,0.01,0.0000,0,0,0,0,80.712,80.127,99.584,105.216,116.480,353.279,409.074,0.0000,0.293,0.369,7.3,0.0925,87.45,157.13,167.73,168.96,169.01,165.98,156.54
1791477949297_r2_express-4c_file_P3,2026-10-08 20:41:04,omih-83df,Ubuntu 26.04.1 LTS,7.0.0-34-generic,Intel(R) Core(TM) i7-14700HX,off,performance,29.8.1,e0708be228af,1791477949297,2,express-4c,express,4,"2,4,6,12",P3,60.0,15.0,0.10,58.939,3665,4112,10,false,0.416,61.0,1484,running,0,file,256,60.0,2559,42.65,157.82,0.0000,0,0,0,0,5872.269,6143.999,8552.448,9207.808,10584.064,11894.783,13056.937,0.0001,0.297,0.513,7.4,6.9745,88.06,682.12,705.55,716.96,718.53,397.81,404.05
1791477949297_r2_axum-1c_file_P0,2026-10-08 20:42:38,omih-83df,Ubuntu 26.04.1 LTS,7.0.0-34-generic,Intel(R) Core(TM) i7-14700HX,off,performance,29.8.1,d29e7e24eb36,1791477949297,2,axum-1c,axum,1,2,P0,0.0,0.0,0.00,0.075,0,0,0,false,0.886,61.0,2097,running,0,file,256,60.0,23343,389.05,1439.62,0.0000,0,0,0,0,658.282,579.583,1306.623,1527.807,1626.111,1675.264,1714.940,0.0000,1.000,1.001,100.0,2.5698,1.05,44.73,45.58,46.21,47.25,22.16,41.70
1791477949297_r2_axum-1c_cpu_P0,2026-10-08 20:44:18,omih-83df,Ubuntu 26.04.1 LTS,7.0.0-34-generic,Intel(R) Core(TM) i7-14700HX,off,performance,29.8.1,d29e7e24eb36,1791477949297,2,axum-1c,axum,1,2,P0,0.0,0.0,0.00,0.080,0,0,0,false,0.013,61.0,2098,running,0,cpu,256,60.0,2511,41.85,0.00,0.0000,0,0,0,0,6017.649,6111.231,6111.231,6111.231,6128.922,6128.922,6128.922,0.0000,1.000,1.000,100.0,23.8900,1.07,213.04,214.46,215.19,215.19,211.79,210.90
1791477949297_r2_axum-1c_delay_P3,2026-10-08 20:45:52,omih-83df,Ubuntu 26.04.1 LTS,7.0.0-34-generic,Intel(R) Core(TM) i7-14700HX,off,performance,29.8.1,d29e7e24eb36,1791477949297,2,axum-1c,axum,1,2,P3,60.0,15.0,0.10,65.729,206,194,394,false,0.251,59.0,1756,running,0,delay,256,60.0,188695,3144.92,0.01,0.0000,0,0,0,0,81.392,81.151,100.096,105.728,116.992,355.327,648.855,0.0000,0.066,0.073,6.6,0.0210,1.05,10.18,10.58,11.03,11.05,7.68,7.41
1791477949297_r2_axum-1c_file_P3,2026-10-08 20:47:32,omih-83df,Ubuntu 26.04.1 LTS,7.0.0-34-generic,Intel(R) Core(TM) i7-14700HX,off,performance,29.8.1,d29e7e24eb36,1791477949297,2,axum-1c,axum,1,2,P3,60.0,15.0,0.10,58.485,4083,4556,14,false,0.443,59.0,1840,running,0,file,256,60.0,3501,58.35,215.91,0.0000,0,0,0,0,4314.794,4136.959,6733.824,7487.488,8945.664,10780.672,11460.172,0.0000,0.495,0.978,49.5,8.4832,1.06,278.82,371.93,378.10,387.06,43.08,79.97
1791477949297_r2_axum-1c_plaintext_P0,2026-10-08 20:49:06,omih-83df,Ubuntu 26.04.1 LTS,7.0.0-34-generic,Intel(R) Core(TM) i7-14700HX,off,performance,29.8.1,d29e7e24eb36,1791477949297,2,axum-1c,axum,1,2,P0,0.0,0.0,0.00,0.080,0,0,0,false,8.077,62.0,2100,running,0,plaintext,256,60.0,5744326,95738.77,1.19,0.0000,0,0,0,0,2.666,2.647,2.951,3.015,3.288,4.527,7.186,0.0000,1.000,1.000,100.0,0.0104,1.02,9.45,10.39,11.58,12.70,6.99,6.38
1791477949297_r2_axum-1c_json-large_P0,2026-10-08 20:50:40,omih-83df,Ubuntu 26.04.1 LTS,7.0.0-34-generic,Intel(R) Core(TM) i7-14700HX,off,performance,29.8.1,d29e7e24eb36,1791477949297,2,axum-1c,axum,1,2,P0,0.0,0.0,0.00,0.070,0,0,0,false,0.496,61.0,2090,running,0,json-large,256,60.0,77603,1293.38,555.43,0.0000,0,0,0,0,197.923,201.215,202.239,202.239,204.287,217.600,408.485,0.0000,1.000,1.004,100.0,0.7730,1.01,21.72,22.55,23.01,23.77,15.25,16.14
1791477949297_r2_axum-1c_json-large_P5,2026-10-08 20:52:24,omih-83df,Ubuntu 26.04.1 LTS,7.0.0-34-generic,Intel(R) Core(TM) i7-14700HX,off,performance,29.8.1,d29e7e24eb36,1791477949297,2,axum-1c,axum,1,2,P5,120.0,40.0,2.00,104.710,13369,14023,95,false,0.125,59.0,1802,running,0,json-large,256,60.0,3382,56.37,24.21,0.0000,0,0,0,0,4503.534,4210.688,6832.127,7782.400,9666.559,11370.496,12032.970,0.0000,0.056,0.082,5.6,1.0015,1.01,105.23,109.48,111.03,111.54,25.12,64.29
1791477949297_r2_axum-1c_json_P5,2026-10-08 20:53:59,omih-83df,Ubuntu 26.04.1 LTS,7.0.0-34-generic,Intel(R) Core(TM) i7-14700HX,off,performance,29.8.1,d29e7e24eb36,1791477949297,2,axum-1c,axum,1,2,P5,120.0,40.0,2.00,106.883,2810,2761,5004,false,0.172,59.0,1538,running,0,json,256,60.0,114414,1906.90,0.05,0.0000,0,0,0,0,134.254,122.624,181.760,211.456,486.399,739.327,1542.397,0.0000,0.040,0.044,4.0,0.0211,1.02,11.21,11.84,12.08,12.31,8.21,7.42
1791477949297_r2_axum-1c_delay_P0,2026-10-08 20:55:33,omih-83df,Ubuntu 26.04.1 LTS,7.0.0-34-generic,Intel(R) Core(TM) i7-14700HX,off,performance,29.8.1,d29e7e24eb36,1791477949297,2,axum-1c,axum,1,2,P0,0.0,0.0,0.00,0.076,0,0,0,false,1.251,59.0,1580,running,0,delay,256,60.0,702378,11706.30,0.02,0.0000,0,0,0,0,21.861,21.823,22.720,23.104,23.488,24.384,26.454,0.0000,0.194,0.208,19.4,0.0165,1.05,8.49,8.95,10.87,12.21,6.86,6.55
1791477949297_r2_axum-1c_json_P3,2026-10-08 20:57:07,omih-83df,Ubuntu 26.04.1 LTS,7.0.0-34-generic,Intel(R) Core(TM) i7-14700HX,off,performance,29.8.1,d29e7e24eb36,1791477949297,2,axum-1c,axum,1,2,P3,60.0,15.0,0.10,55.168,289,309,592,false,0.317,59.0,1857,running,0,json,256,60.0,253302,4221.70,0.11,0.0000,0,0,0,0,60.633,60.032,79.615,85.248,95.999,324.608,587.699,0.0000,0.069,0.076,6.9,0.0164,1.09,10.56,11.08,11.58,11.58,6.39,7.16
1791477949297_r2_axum-1c_delay_P5,2026-10-08 20:58:42,omih-83df,Ubuntu 26.04.1 LTS,7.0.0-34-generic,Intel(R) Core(TM) i7-14700HX,off,performance,29.8.1,d29e7e24eb36,1791477949297,2,axum-1c,axum,1,2,P5,120.0,40.0,2.00,114.116,2396,2368,4276,false,0.157,58.0,1525,running,0,delay,256,60.0,98836,1647.27,0.00,0.0000,0,0,0,0,155.439,142.847,202.239,231.935,517.120,796.672,2510.549,0.0000,0.043,0.048,4.3,0.0261,1.34,11.74,12.49,12.98,12.98,8.66,7.54
1791477949297_r2_axum-1c_json_P0,2026-10-08 21:00:16,omih-83df,Ubuntu 26.04.1 LTS,7.0.0-34-generic,Intel(R) Core(TM) i7-14700HX,off,performance,29.8.1,d29e7e24eb36,1791477949297,2,axum-1c,axum,1,2,P0,0.0,0.0,0.00,0.069,0,0,0,false,7.235,62.0,2100,running,0,json,256,60.0,5184353,86405.88,2.22,0.0000,0,0,0,0,2.955,2.999,3.143,3.208,3.463,4.688,8.594,0.0000,1.000,1.000,100.0,0.0116,1.02,9.11,9.46,11.86,12.24,6.85,6.39
1791477949297_r2_axum-1c_echo-json_P0,2026-10-08 21:01:50,omih-83df,Ubuntu 26.04.1 LTS,7.0.0-34-generic,Intel(R) Core(TM) i7-14700HX,off,performance,29.8.1,d29e7e24eb36,1791477949297,2,axum-1c,axum,1,2,P0,0.0,0.0,0.00,0.077,0,0,2,false,1.426,61.0,2100,running,0,echo-json,256,60.0,1505662,25094.37,45.61,0.0000,0,0,0,0,10.196,10.143,10.335,10.399,10.591,13.855,17.086,0.0000,1.000,1.004,100.0,0.0398,1.07,11.20,11.75,12.26,12.54,7.47,6.63
1791477949297_r2_axum-1c_upload_P0,2026-10-08 21:03:24,omih-83df,Ubuntu 26.04.1 LTS,7.0.0-34-generic,Intel(R) Core(TM) i7-14700HX,off,performance,29.8.1,d29e7e24eb36,1791477949297,2,axum-1c,axum,1,2,P0,0.0,0.0,0.00,0.076,0,0,15084,false,2.362,63.0,2098,running,0,upload,256,60.0,183232,3053.87,0.05,0.0000,0,0,0,0,83.597,83.712,84.736,84.736,86.272,111.359,117.565,0.0000,1.000,1.000,100.0,0.3274,1.01,303.80,314.41,318.31,320.75,86.08,156.56
1791477949297_r2_express-1c_delay_P3,2026-10-08 21:04:58,omih-83df,Ubuntu 26.04.1 LTS,7.0.0-34-generic,Intel(R) Core(TM) i7-14700HX,off,performance,29.8.1,e0708be228af,1791477949297,2,express-1c,express,1,2,P3,60.0,15.0,0.10,55.527,213,227,435,false,0.239,61.0,1873,running,0,delay,256,60.0,190611,3176.85,0.01,0.0000,0,0,0,0,80.579,80.127,99.072,104.704,115.968,355.327,628.917,0.0000,0.155,0.170,15.5,0.0487,21.01,73.73,87.25,88.12,88.55,86.21,80.71
1791477949297_r2_express-1c_json_P5,2026-10-08 21:06:33,omih-83df,Ubuntu 26.04.1 LTS,7.0.0-34-generic,Intel(R) Core(TM) i7-14700HX,off,performance,29.8.1,e0708be228af,1791477949297,2,express-1c,express,1,2,P5,120.0,40.0,2.00,134.794,2745,2716,4897,false,0.173,61.0,1721,running,0,json,256,60.0,114875,1914.58,0.05,0.0000,0,0,0,0,133.710,122.112,180.736,210.431,484.351,731.135,2151.730,0.0001,0.100,0.112,10.0,0.0524,20.74,40.27,42.04,42.52,42.53,37.82,35.35
1791477949297_r2_express-1c_echo-json_P0,2026-10-08 21:08:07,omih-83df,Ubuntu 26.04.1 LTS,7.0.0-34-generic,Intel(R) Core(TM) i7-14700HX,off,performance,29.8.1,e0708be228af,1791477949297,2,express-1c,express,1,2,P0,0.0,0.0,0.00,0.078,0,0,2,false,0.868,61.0,2100,running,0,echo-json,256,60.0,819697,13661.62,24.81,0.0000,0,0,0,0,18.733,18.367,19.520,19.648,20.160,36.224,47.355,0.0000,1.000,1.000,100.0,0.0732,21.05,97.81,124.21,125.80,126.81,121.71,115.99
1791477949297_r2_express-1c_upload_P0,2026-10-08 21:09:41,omih-83df,Ubuntu 26.04.1 LTS,7.0.0-34-generic,Intel(R) Core(TM) i7-14700HX,off,performance,29.8.1,e0708be228af,1791477949297,2,express-1c,express,1,2,P0,0.0,0.0,0.00,0.077,0,0,93043,false,0.691,61.0,2096,running,0,upload,256,60.0,64823,1080.38,0.02,0.0000,0,0,0,0,240.640,232.959,242.175,247.296,263.168,9666.559,20152.093,0.0000,1.000,1.000,100.0,0.9252,19.89,532.46,550.38,551.82,552.41,323.32,319.02
1791477949297_r2_express-1c_delay_P0,2026-10-08 21:11:15,omih-83df,Ubuntu 26.04.1 LTS,7.0.0-34-generic,Intel(R) Core(TM) i7-14700HX,off,performance,29.8.1,e0708be228af,1791477949297,2,express-1c,express,1,2,P0,0.0,0.0,0.00,0.081,0,0,0,false,1.314,61.0,1754,running,0,delay,256,60.0,718460,11974.33,0.02,0.0000,0,0,0,0,21.370,21.311,22.207,22.463,23.360,28.224,39.069,0.0000,0.481,0.505,48.1,0.0402,21.19,94.39,96.89,97.02,97.40,95.85,90.48
1791477949297_r2_express-1c_json-large_P0,2026-10-08 21:12:49,omih-83df,Ubuntu 26.04.1 LTS,7.0.0-34-generic,Intel(R) Core(TM) i7-14700HX,off,performance,29.8.1,e0708be228af,1791477949297,2,express-1c,express,1,2,P0,0.0,0.0,0.00,0.072,0,0,0,false,0.256,61.0,2094,running,0,json-large,256,60.0,31133,518.88,221.45,0.0000,0,0,0,0,452.469,228.863,363.519,379.904,519.168,37879.808,42289.324,0.0000,1.000,1.000,100.0,1.9265,20.48,75.40,101.71,107.16,114.94,70.24,98.17
1791477949297_r2_express-1c_file_P3,2026-10-08 21:14:31,omih-83df,Ubuntu 26.04.1 LTS,7.0.0-34-generic,Intel(R) Core(TM) i7-14700HX,off,performance,29.8.1,e0708be228af,1791477949297,2,express-1c,express,1,2,P3,60.0,15.0,0.10,63.937,3278,3946,6,false,0.306,61.0,2096,running,0,file,256,60.0,2628,43.80,162.07,0.0000,0,0,0,0,5755.443,5816.319,6045.695,6275.072,7553.024,10387.456,11401.374,0.0000,0.989,0.994,98.9,22.5911,20.48,155.83,164.80,181.39,283.06,133.23,129.40
1791477949297_r2_express-1c_json_P3,2026-10-08 21:16:05,omih-83df,Ubuntu 26.04.1 LTS,7.0.0-34-generic,Intel(R) Core(TM) i7-14700HX,off,performance,29.8.1,e0708be228af,1791477949297,2,express-1c,express,1,2,P3,60.0,15.0,0.10,60.199,272,254,524,false,0.283,61.0,1934,running,0,json,256,60.0,253199,4219.98,0.11,0.0000,0,0,0,0,60.660,60.288,79.615,85.248,95.999,322.560,573.902,0.0000,0.187,0.221,18.7,0.0443,20.44,39.18,40.05,40.78,40.79,37.32,35.14
1791477949297_r2_express-1c_file_P0,2026-10-08 21:17:39,omih-83df,Ubuntu 26.04.1 LTS,7.0.0-34-generic,Intel(R) Core(TM) i7-14700HX,off,performance,29.8.1,e0708be228af,1791477949297,2,express-1c,express,1,2,P0,0.0,0.0,0.00,0.079,0,0,0,false,0.722,61.0,2098,running,0,file,256,60.0,14824,247.07,914.23,0.0000,0,0,0,0,1036.408,1030.143,1077.247,1110.015,1167.360,1208.092,1208.092,0.0000,1.000,1.003,100.0,4.0470,19.98,193.06,207.70,210.38,212.27,192.14,202.66
1791477949297_r2_express-1c_delay_P5,2026-10-08 21:19:14,omih-83df,Ubuntu 26.04.1 LTS,7.0.0-34-generic,Intel(R) Core(TM) i7-14700HX,off,performance,29.8.1,e0708be228af,1791477949297,2,express-1c,express,1,2,P5,120.0,40.0,2.00,120.886,2438,2460,4409,false,0.166,61.0,1671,running,0,delay,256,60.0,99184,1653.07,0.00,0.0000,0,0,0,0,154.853,141.823,202.239,233.983,515.072,784.384,2880.377,0.0000,0.103,0.123,10.3,0.0622,20.28,52.68,58.77,59.29,59.36,55.90,52.18
1791477949297_r2_express-1c_json_P0,2026-10-08 21:20:48,omih-83df,Ubuntu 26.04.1 LTS,7.0.0-34-generic,Intel(R) Core(TM) i7-14700HX,off,performance,29.8.1,e0708be228af,1791477949297,2,express-1c,express,1,2,P0,0.0,0.0,0.00,0.079,0,0,0,false,2.094,61.0,2100,running,0,json,256,60.0,1918371,31972.85,0.82,0.0000,0,0,0,0,8.001,7.888,8.287,8.415,8.992,16.448,35.283,0.0000,1.000,1.000,100.0,0.0313,20.19,62.86,72.25,72.25,72.25,70.06,66.60
1791477949297_r2_express-1c_json-large_P5,2026-10-08 21:22:31,omih-83df,Ubuntu 26.04.1 LTS,7.0.0-34-generic,Intel(R) Core(TM) i7-14700HX,off,performance,29.8.1,e0708be228af,1791477949297,2,express-1c,express,1,2,P5,120.0,40.0,2.00,130.099,12929,13764,114,false,0.124,61.0,1739,running,0,json-large,256,60.0,3399,56.65,24.18,0.0000,0,0,0,0,4490.655,4210.688,6832.127,7782.400,9666.559,10780.672,12887.258,0.0000,0.174,0.263,17.4,3.0699,20.43,131.96,136.51,138.31,139.38,79.85,90.50
1791477949297_r2_express-1c_plaintext_P0,2026-10-08 21:24:05,omih-83df,Ubuntu 26.04.1 LTS,7.0.0-34-generic,Intel(R) Core(TM) i7-14700HX,off,performance,29.8.1,e0708be228af,1791477949297,2,express-1c,express,1,2,P0,0.0,0.0,0.00,0.081,0,0,0,false,2.471,61.0,2100,running,0,plaintext,256,60.0,1970079,32834.65,0.41,0.0000,0,0,0,0,7.790,7.696,8.079,8.175,8.479,16.096,35.821,0.0001,1.000,1.000,100.0,0.0304,20.57,65.43,72.09,72.09,72.09,69.78,66.73
1791477949297_r2_express-1c_cpu_P0,2026-10-08 21:25:47,omih-83df,Ubuntu 26.04.1 LTS,7.0.0-34-generic,Intel(R) Core(TM) i7-14700HX,off,performance,29.8.1,e0708be228af,1791477949297,2,express-1c,express,1,2,P0,0.0,0.0,0.00,0.081,0,0,0,false,0.010,61.0,2097,running,0,cpu,256,60.0,1903,31.72,0.00,0.0000,0,0,0,0,7861.827,8044.543,8110.079,8110.079,8110.079,8110.079,8113.442,0.0000,1.000,1.000,100.0,31.5221,19.97,52.78,55.60,55.60,55.60,54.63,52.32
1791477949297_r3_express-1c_echo-json_P0,2026-10-08 21:27:21,omih-83df,Ubuntu 26.04.1 LTS,7.0.0-34-generic,Intel(R) Core(TM) i7-14700HX,off,performance,29.8.1,e0708be228af,1791477949297,3,express-1c,express,1,2,P0,0.0,0.0,0.00,0.079,0,0,1,false,1.080,61.0,2100,running,0,echo-json,256,60.0,852126,14202.10,25.79,0.0000,0,0,0,0,18.018,17.727,18.752,18.880,19.392,35.712,62.214,0.0000,1.000,1.004,100.0,0.0704,20.49,98.03,126.09,126.62,127.36,122.04,117.43
1791477949297_r3_express-1c_delay_P5,2026-10-08 21:28:56,omih-83df,Ubuntu 26.04.1 LTS,7.0.0-34-generic,Intel(R) Core(TM) i7-14700HX,off,performance,29.8.1,e0708be228af,1791477949297,3,express-1c,express,1,2,P5,120.0,40.0,2.00,131.295,2446,2403,4375,false,0.173,61.0,1593,running,0,delay,256,60.0,99540,1659.00,0.00,0.0000,0,0,0,0,154.300,141.823,201.215,230.911,515.072,776.192,1387.916,0.0000,0.102,0.123,10.2,0.0615,20.29,52.68,58.40,59.12,59.23,55.44,52.07
1791477949297_r3_express-1c_json_P5,2026-10-08 21:30:32,omih-83df,Ubuntu 26.04.1 LTS,7.0.0-34-generic,Intel(R) Core(TM) i7-14700HX,off,performance,29.8.1,e0708be228af,1791477949297,3,express-1c,express,1,2,P5,120.0,40.0,2.00,124.534,2847,2775,5043,false,0.138,59.0,1670,running,0,json,256,60.0,114493,1908.22,0.05,0.0000,0,0,0,0,134.162,122.112,181.760,212.480,486.399,751.615,1372.916,0.0000,0.101,0.113,10.1,0.0530,20.06,40.14,41.31,41.82,41.82,38.21,35.80
1791477949297_r3_express-1c_upload_P0,2026-10-08 21:32:06,omih-83df,Ubuntu 26.04.1 LTS,7.0.0-34-generic,Intel(R) Core(TM) i7-14700HX,off,performance,29.8.1,e0708be228af,1791477949297,3,express-1c,express,1,2,P0,0.0,0.0,0.00,0.080,0,0,82785,false,0.711,61.0,2095,running,0,upload,256,60.0,64974,1082.90,0.02,0.0000,0,0,0,0,240.305,231.935,244.224,246.272,275.455,9994.239,20392.291,0.0000,1.000,1.001,100.0,0.9231,19.99,438.44,458.05,459.89,460.75,224.48,219.16
1791477949297_r3_express-1c_json-large_P5,2026-10-08 21:33:50,omih-83df,Ubuntu 26.04.1 LTS,7.0.0-34-generic,Intel(R) Core(TM) i7-14700HX,off,performance,29.8.1,e0708be228af,1791477949297,3,express-1c,express,1,2,P5,120.0,40.0,2.00,127.719,13036,13820,105,false,0.127,61.0,1756,running,0,json-large,256,60.0,3364,56.07,23.93,0.0000,0,0,0,0,4522.872,4210.688,6963.199,7880.703,9273.344,11829.247,12726.768,0.0000,0.175,0.261,17.5,3.1271,20.41,137.13,140.98,142.35,143.29,89.69,95.31
1791477949297_r3_express-1c_delay_P3,2026-10-08 21:35:25,omih-83df,Ubuntu 26.04.1 LTS,7.0.0-34-generic,Intel(R) Core(TM) i7-14700HX,off,performance,29.8.1,e0708be228af,1791477949297,3,express-1c,express,1,2,P3,60.0,15.0,0.10,61.203,194,224,416,false,0.256,59.0,1902,running,0,delay,256,60.0,190703,3178.38,0.01,0.0000,0,0,0,0,80.537,80.127,99.584,104.704,115.968,353.279,599.264,0.0000,0.156,0.178,15.6,0.0490,20.42,73.16,86.77,87.41,88.56,85.80,81.00
1791477949297_r3_express-1c_cpu_P0,2026-10-08 21:37:07,omih-83df,Ubuntu 26.04.1 LTS,7.0.0-34-generic,Intel(R) Core(TM) i7-14700HX,off,performance,29.8.1,e0708be228af,1791477949297,3,express-1c,express,1,2,P0,0.0,0.0,0.00,0.076,0,0,0,false,0.011,64.0,2098,running,0,cpu,256,60.0,1868,31.13,0.00,0.0000,0,0,0,0,7995.873,8175.615,8421.376,8486.912,8543.936,8543.936,8543.936,0.0000,1.000,1.000,100.0,32.1097,20.01,53.75,56.54,56.79,56.79,55.71,53.50
1791477949297_r3_express-1c_file_P3,2026-10-08 21:38:49,omih-83df,Ubuntu 26.04.1 LTS,7.0.0-34-generic,Intel(R) Core(TM) i7-14700HX,off,performance,29.8.1,e0708be228af,1791477949297,3,express-1c,express,1,2,P3,60.0,15.0,0.10,64.610,3341,3914,12,false,0.304,62.0,2094,running,0,file,256,60.0,2541,42.35,156.71,0.0000,0,0,0,0,5948.177,5980.159,6143.999,6406.144,7520.256,10387.456,11898.793,0.0000,0.990,0.996,99.0,23.3779,21.04,151.09,156.39,169.84,276.94,131.46,128.71
1791477949297_r3_express-1c_plaintext_P0,2026-10-08 21:40:23,omih-83df,Ubuntu 26.04.1 LTS,7.0.0-34-generic,Intel(R) Core(TM) i7-14700HX,off,performance,29.8.1,e0708be228af,1791477949297,3,express-1c,express,1,2,P0,0.0,0.0,0.00,0.072,0,0,0,false,2.440,62.0,2100,running,0,plaintext,256,60.0,1959284,32654.73,0.40,0.0000,0,0,0,0,7.833,7.663,8.287,8.479,8.992,16.703,28.275,0.0000,1.000,1.000,100.0,0.0306,19.93,66.37,73.02,73.02,73.02,70.42,66.95
1791477949297_r3_express-1c_json_P0,2026-10-08 21:41:57,omih-83df,Ubuntu 26.04.1 LTS,7.0.0-34-generic,Intel(R) Core(TM) i7-14700HX,off,performance,29.8.1,e0708be228af,1791477949297,3,express-1c,express,1,2,P0,0.0,0.0,0.00,0.076,0,0,0,false,2.109,63.0,2100,running,0,json,256,60.0,1909313,31821.88,0.82,0.0000,0,0,0,0,8.039,7.952,8.351,8.415,8.736,16.448,36.105,0.0000,1.000,1.000,100.0,0.0314,20.42,62.63,71.64,71.86,71.86,69.29,66.30
1791477949297_r3_express-1c_json_P3,2026-10-08 21:43:32,omih-83df,Ubuntu 26.04.1 LTS,7.0.0-34-generic,Intel(R) Core(TM) i7-14700HX,off,performance,29.8.1,e0708be228af,1791477949297,3,express-1c,express,1,2,P3,60.0,15.0,0.10,55.092,297,258,546,false,0.337,61.0,1944,running,0,json,256,60.0,252936,4215.60,0.11,0.0000,0,0,0,0,60.720,60.288,79.615,85.248,95.999,324.608,424.625,0.0000,0.183,0.192,18.3,0.0434,20.54,39.41,40.51,43.02,43.02,39.39,37.34
1791477949297_r3_express-1c_json-large_P0,2026-10-08 21:45:06,omih-83df,Ubuntu 26.04.1 LTS,7.0.0-34-generic,Intel(R) Core(TM) i7-14700HX,off,performance,29.8.1,e0708be228af,1791477949297,3,express-1c,express,1,2,P0,0.0,0.0,0.00,0.063,0,0,0,false,0.262,61.0,2094,running,0,json-large,256,60.0,31376,522.93,223.17,0.0000,0,0,0,0,449.799,231.935,373.760,384.000,587.775,37355.520,43327.289,0.0000,1.000,1.000,100.0,1.9118,20.34,67.26,103.39,112.61,114.54,56.24,103.06
1791477949297_r3_express-1c_file_P0,2026-10-08 21:46:41,omih-83df,Ubuntu 26.04.1 LTS,7.0.0-34-generic,Intel(R) Core(TM) i7-14700HX,off,performance,29.8.1,e0708be228af,1791477949297,3,express-1c,express,1,2,P0,0.0,0.0,0.00,0.064,0,0,0,false,0.683,61.0,2096,running,0,file,256,60.0,14359,239.32,885.55,0.0000,0,0,0,0,1068.903,1060.863,1110.015,1134.591,1241.088,1273.855,1289.517,0.0000,1.000,1.001,100.0,4.1779,20.48,190.95,211.20,214.36,221.80,184.84,206.18
1791477949297_r3_express-1c_delay_P0,2026-10-08 21:48:15,omih-83df,Ubuntu 26.04.1 LTS,7.0.0-34-generic,Intel(R) Core(TM) i7-14700HX,off,performance,29.8.1,e0708be228af,1791477949297,3,express-1c,express,1,2,P0,0.0,0.0,0.00,0.077,0,0,0,false,1.312,61.0,1768,running,0,delay,256,60.0,719227,11987.12,0.02,0.0000,0,0,0,0,21.346,21.311,22.207,22.463,23.232,29.375,43.327,0.0000,0.480,0.504,48.0,0.0400,21.08,93.43,97.24,97.71,99.03,96.29,90.68
1791477949297_r3_axum-1c_json_P5,2026-10-08 21:49:50,omih-83df,Ubuntu 26.04.1 LTS,7.0.0-34-generic,Intel(R) Core(TM) i7-14700HX,off,performance,29.8.1,d29e7e24eb36,1791477949297,3,axum-1c,axum,1,2,P5,120.0,40.0,2.00,118.120,2782,2904,5128,false,0.184,61.0,1569,running,0,json,256,60.0,113808,1896.80,0.05,0.0000,0,0,0,0,135.006,122.624,181.760,214.528,488.447,759.808,1845.764,0.0000,0.041,0.046,4.1,0.0216,3.03,13.65,14.45,14.74,14.96,10.35,7.43
1791477949297_r3_axum-1c_delay_P5,2026-10-08 21:51:25,omih-83df,Ubuntu 26.04.1 LTS,7.0.0-34-generic,Intel(R) Core(TM) i7-14700HX,off,performance,29.8.1,d29e7e24eb36,1791477949297,3,axum-1c,axum,1,2,P5,120.0,40.0,2.00,97.511,2433,2389,4368,false,0.169,59.0,1548,running,0,delay,256,60.0,98521,1642.02,0.00,0.0000,0,0,0,0,155.909,142.847,202.239,233.983,519.168,796.672,1858.737,0.0000,0.043,0.048,4.3,0.0262,1.12,11.30,11.95,12.21,12.23,8.28,7.57
1791477949297_r3_axum-1c_cpu_P0,2026-10-08 21:53:05,omih-83df,Ubuntu 26.04.1 LTS,7.0.0-34-generic,Intel(R) Core(TM) i7-14700HX,off,performance,29.8.1,d29e7e24eb36,1791477949297,3,axum-1c,axum,1,2,P0,0.0,0.0,0.00,0.081,0,0,0,false,0.014,61.0,2098,running,0,cpu,256,60.0,2508,41.80,0.00,0.0000,0,0,0,0,6024.055,6111.231,6142.932,6142.932,6142.932,6142.932,6142.932,0.0000,1.000,1.000,100.0,23.9199,1.00,213.11,214.39,215.32,215.32,211.82,210.92
1791477949297_r3_axum-1c_json_P0,2026-10-08 21:54:39,omih-83df,Ubuntu 26.04.1 LTS,7.0.0-34-generic,Intel(R) Core(TM) i7-14700HX,off,performance,29.8.1,d29e7e24eb36,1791477949297,3,axum-1c,axum,1,2,P0,0.0,0.0,0.00,0.074,0,0,0,false,8.087,63.0,2100,running,0,json,256,60.0,5782341,96372.35,2.48,0.0000,0,0,0,0,2.648,2.663,2.888,2.983,3.352,4.752,7.830,0.0000,1.000,1.000,100.0,0.0104,1.04,9.14,9.71,10.91,12.46,6.85,6.39
1791477949297_r3_axum-1c_echo-json_P0,2026-10-08 21:56:12,omih-83df,Ubuntu 26.04.1 LTS,7.0.0-34-generic,Intel(R) Core(TM) i7-14700HX,off,performance,29.8.1,d29e7e24eb36,1791477949297,3,axum-1c,axum,1,2,P0,0.0,0.0,0.00,0.071,0,0,1,false,1.438,62.0,2100,running,0,echo-json,256,60.0,1573006,26216.77,47.65,0.0000,0,0,0,0,9.759,9.759,9.887,9.951,10.335,13.855,16.372,0.0000,1.000,1.000,100.0,0.0381,1.00,11.31,11.82,12.45,12.66,7.41,6.67
1791477949297_r3_axum-1c_upload_P0,2026-10-08 21:57:46,omih-83df,Ubuntu 26.04.1 LTS,7.0.0-34-generic,Intel(R) Core(TM) i7-14700HX,off,performance,29.8.1,d29e7e24eb36,1791477949297,3,axum-1c,axum,1,2,P0,0.0,0.0,0.00,0.068,0,0,19917,false,2.300,64.0,2098,running,0,upload,256,60.0,180729,3012.15,0.05,0.0000,0,0,0,0,84.762,84.736,85.760,86.272,86.784,112.895,123.907,0.0000,1.000,1.000,100.0,0.3320,1.38,295.04,301.24,303.20,313.71,109.30,154.86
1791477949297_r3_axum-1c_plaintext_P0,2026-10-08 21:59:20,omih-83df,Ubuntu 26.04.1 LTS,7.0.0-34-generic,Intel(R) Core(TM) i7-14700HX,off,performance,29.8.1,d29e7e24eb36,1791477949297,3,axum-1c,axum,1,2,P0,0.0,0.0,0.00,0.076,0,0,0,false,8.416,64.0,2100,running,0,plaintext,256,60.0,5929229,98820.48,1.23,0.0000,0,0,0,0,2.582,2.599,2.776,2.904,3.336,4.623,7.729,0.0000,1.000,1.004,100.0,0.0101,1.16,9.20,9.57,11.42,12.31,6.85,6.39
1791477949297_r3_axum-1c_file_P3,2026-10-08 22:01:00,omih-83df,Ubuntu 26.04.1 LTS,7.0.0-34-generic,Intel(R) Core(TM) i7-14700HX,off,performance,29.8.1,d29e7e24eb36,1791477949297,3,axum-1c,axum,1,2,P3,60.0,15.0,0.10,60.634,3977,4562,9,false,0.457,62.0,1765,running,0,file,256,60.0,3398,56.63,209.56,0.0000,0,0,0,0,4418.509,4440.064,7356.416,8273.919,9666.559,11173.888,12523.678,0.0000,0.342,0.978,34.2,6.0447,1.08,321.84,370.27,380.56,390.05,33.30,76.04
1791477949297_r3_axum-1c_file_P0,2026-10-08 22:02:34,omih-83df,Ubuntu 26.04.1 LTS,7.0.0-34-generic,Intel(R) Core(TM) i7-14700HX,off,performance,29.8.1,d29e7e24eb36,1791477949297,3,axum-1c,axum,1,2,P0,0.0,0.0,0.00,0.071,0,0,0,false,0.939,62.0,2098,running,0,file,256,60.0,24822,413.70,1530.83,0.0000,0,0,0,0,618.461,538.624,1257.472,1478.656,1576.959,1626.111,1723.074,0.0000,1.000,1.001,100.0,2.4169,1.29,44.68,45.55,46.00,47.75,19.64,41.36
1791477949297_r3_axum-1c_json-large_P5,2026-10-08 22:04:21,omih-83df,Ubuntu 26.04.1 LTS,7.0.0-34-generic,Intel(R) Core(TM) i7-14700HX,off,performance,29.8.1,d29e7e24eb36,1791477949297,3,axum-1c,axum,1,2,P5,120.0,40.0,2.00,103.225,12901,13630,128,false,0.131,61.0,1752,running,0,json-large,256,60.0,3423,57.05,24.50,0.0000,0,0,0,0,4457.552,4136.959,6930.431,7913.471,9666.559,10977.280,11848.018,0.0000,0.056,0.076,5.6,0.9865,1.18,105.48,109.78,110.98,111.69,41.39,63.39
1791477949297_r3_axum-1c_delay_P0,2026-10-08 22:05:55,omih-83df,Ubuntu 26.04.1 LTS,7.0.0-34-generic,Intel(R) Core(TM) i7-14700HX,off,performance,29.8.1,d29e7e24eb36,1791477949297,3,axum-1c,axum,1,2,P0,0.0,0.0,0.00,0.080,0,0,0,false,1.242,61.0,1607,running,0,delay,256,60.0,702162,11702.70,0.02,0.0000,0,0,0,0,21.862,21.823,22.720,23.104,23.488,24.128,26.764,0.0000,0.194,0.206,19.4,0.0166,1.27,8.40,8.77,11.40,12.32,6.35,6.54
1791477949297_r3_axum-1c_delay_P3,2026-10-08 22:07:29,omih-83df,Ubuntu 26.04.1 LTS,7.0.0-34-generic,Intel(R) Core(TM) i7-14700HX,off,performance,29.8.1,d29e7e24eb36,1791477949297,3,axum-1c,axum,1,2,P3,60.0,15.0,0.10,69.358,210,203,406,false,0.248,61.0,1739,running,0,delay,256,60.0,188587,3143.12,0.01,0.0000,0,0,0,0,81.440,81.151,100.096,105.728,116.992,353.279,396.188,0.0000,0.065,0.069,6.5,0.0205,1.01,10.30,10.73,11.19,11.66,7.50,7.36
1791477949297_r3_axum-1c_json-large_P0,2026-10-08 22:09:03,omih-83df,Ubuntu 26.04.1 LTS,7.0.0-34-generic,Intel(R) Core(TM) i7-14700HX,off,performance,29.8.1,d29e7e24eb36,1791477949297,3,axum-1c,axum,1,2,P0,0.0,0.0,0.00,0.071,0,0,0,false,0.498,61.0,2093,running,0,json-large,256,60.0,77045,1284.08,551.44,0.0000,0,0,0,0,199.349,202.239,203.263,204.287,206.335,212.480,408.787,0.0000,1.000,1.000,100.0,0.7786,1.12,21.00,21.66,22.23,24.62,16.68,15.62
1791477949297_r3_axum-1c_json_P3,2026-10-08 22:10:37,omih-83df,Ubuntu 26.04.1 LTS,7.0.0-34-generic,Intel(R) Core(TM) i7-14700HX,off,performance,29.8.1,d29e7e24eb36,1791477949297,3,axum-1c,axum,1,2,P3,60.0,15.0,0.10,57.630,286,275,556,false,0.323,61.0,1844,running,0,json,256,60.0,252952,4215.87,0.11,0.0000,0,0,0,0,60.717,60.288,79.615,85.248,95.999,326.656,693.109,0.0000,0.069,0.073,6.9,0.0164,0.99,10.45,11.25,11.75,11.98,6.48,7.17
1791477949297_r3_axum-4c_file_P3,2026-10-08 22:12:17,omih-83df,Ubuntu 26.04.1 LTS,7.0.0-34-generic,Intel(R) Core(TM) i7-14700HX,off,performance,29.8.1,d29e7e24eb36,1791477949297,3,axum-4c,axum,4,"2,4,6,12",P3,60.0,15.0,0.10,59.394,3689,4237,16,false,0.408,61.0,1354,running,0,file,256,60.0,2433,40.55,150.05,0.0000,0,0,0,0,6223.643,6275.072,8749.056,9469.951,10780.672,12550.144,13484.776,0.0000,0.160,0.208,4.0,3.9562,1.26,372.31,390.20,406.35,409.13,54.64,103.98
1791477949297_r3_axum-4c_delay_P0,2026-10-08 22:13:50,omih-83df,Ubuntu 26.04.1 LTS,7.0.0-34-generic,Intel(R) Core(TM) i7-14700HX,off,performance,29.8.1,d29e7e24eb36,1791477949297,3,axum-4c,axum,4,"2,4,6,12",P0,0.0,0.0,0.00,0.085,0,0,0,false,1.278,61.0,1586,running,0,delay,256,60.0,710755,11845.92,0.02,0.0000,0,0,0,0,21.601,21.567,22.207,22.463,22.720,23.104,25.928,0.0000,0.325,0.338,8.1,0.0274,1.34,10.12,10.45,11.62,13.25,7.65,8.02
1791477949297_r3_axum-4c_upload_P0,2026-10-08 22:15:24,omih-83df,Ubuntu 26.04.1 LTS,7.0.0-34-generic,Intel(R) Core(TM) i7-14700HX,off,performance,29.8.1,d29e7e24eb36,1791477949297,3,axum-4c,axum,4,"2,4,6,12",P0,0.0,0.0,0.00,0.079,0,0,45545,false,9.731,66.0,2098,running,0,upload,256,60.0,396071,6601.18,0.11,0.0000,0,0,0,0,38.274,36.736,53.632,59.008,72.960,94.463,105.327,0.0000,3.999,4.016,100.0,0.6057,1.18,354.66,383.34,411.29,451.41,138.54,240.50
1791477949297_r3_axum-4c_delay_P5,2026-10-08 22:16:59,omih-83df,Ubuntu 26.04.1 LTS,7.0.0-34-generic,Intel(R) Core(TM) i7-14700HX,off,performance,29.8.1,d29e7e24eb36,1791477949297,3,axum-4c,axum,4,"2,4,6,12",P5,120.0,40.0,2.00,108.936,2471,2414,4409,false,0.159,63.0,1360,running,0,delay,256,60.0,98568,1642.80,0.00,0.0000,0,0,0,0,155.810,142.847,203.263,233.983,519.168,800.768,1669.319,0.0000,0.081,0.088,2.0,0.0491,1.22,12.97,13.79,14.22,14.41,9.22,8.97
1791477949297_r3_axum-4c_json_P5,2026-10-08 22:18:34,omih-83df,Ubuntu 26.04.1 LTS,7.0.0-34-generic,Intel(R) Core(TM) i7-14700HX,off,performance,29.8.1,d29e7e24eb36,1791477949297,3,axum-4c,axum,4,"2,4,6,12",P5,120.0,40.0,2.00,125.133,2750,2888,5071,false,0.165,59.0,1375,running,0,json,256,60.0,114481,1908.02,0.05,0.0000,0,0,0,0,134.237,122.112,181.760,212.480,484.351,739.327,1843.960,0.0000,0.052,0.066,1.3,0.0274,1.16,13.42,14.40,14.93,15.06,8.75,9.32
1791477949297_r3_axum-4c_delay_P3,2026-10-08 22:20:09,omih-83df,Ubuntu 26.04.1 LTS,7.0.0-34-generic,Intel(R) Core(TM) i7-14700HX,off,performance,29.8.1,d29e7e24eb36,1791477949297,3,axum-4c,axum,4,"2,4,6,12",P3,60.0,15.0,0.10,53.085,188,204,391,false,0.235,59.0,1446,running,0,delay,256,60.0,188626,3143.77,0.01,0.0000,0,0,0,0,81.428,81.151,100.096,105.728,116.992,353.279,410.794,0.0000,0.127,0.134,3.2,0.0403,1.19,11.31,11.95,12.43,12.68,7.67,8.41
1791477949297_r3_axum-4c_json_P3,2026-10-08 22:21:43,omih-83df,Ubuntu 26.04.1 LTS,7.0.0-34-generic,Intel(R) Core(TM) i7-14700HX,off,performance,29.8.1,d29e7e24eb36,1791477949297,3,axum-4c,axum,4,"2,4,6,12",P3,60.0,15.0,0.10,53.994,289,281,567,false,0.331,59.0,1455,running,0,json,256,60.0,253356,4222.60,0.11,0.0000,0,0,0,0,60.621,60.032,79.615,85.248,95.999,324.608,374.870,0.0000,0.085,0.096,2.1,0.0201,1.25,12.09,13.07,13.49,13.82,7.09,9.24
1791477949297_r3_axum-4c_json-large_P5,2026-10-08 22:23:26,omih-83df,Ubuntu 26.04.1 LTS,7.0.0-34-generic,Intel(R) Core(TM) i7-14700HX,off,performance,29.8.1,d29e7e24eb36,1791477949297,3,axum-4c,axum,4,"2,4,6,12",P5,120.0,40.0,2.00,108.192,13046,14274,89,false,0.131,59.0,1456,running,0,json-large,256,60.0,3417,56.95,24.46,0.0000,0,0,0,0,4462.099,4210.688,6799.359,7684.096,9404.415,11370.496,11838.184,0.0000,0.061,0.084,1.5,1.0654,1.17,146.88,164.38,171.06,171.87,56.11,121.98
1791477949297_r3_axum-4c_json-large_P0,2026-10-08 22:25:00,omih-83df,Ubuntu 26.04.1 LTS,7.0.0-34-generic,Intel(R) Core(TM) i7-14700HX,off,performance,29.8.1,d29e7e24eb36,1791477949297,3,axum-4c,axum,4,"2,4,6,12",P0,0.0,0.0,0.00,0.080,0,0,0,false,1.849,63.0,2091,running,0,json-large,256,60.0,309731,5162.18,2216.87,0.0000,0,0,0,0,49.576,49.279,78.079,85.760,100.608,119.040,180.804,0.0000,4.000,4.000,100.0,0.7748,1.26,23.94,24.98,26.18,28.06,18.48,19.21
1791477949297_r3_axum-4c_file_P0,2026-10-08 22:26:34,omih-83df,Ubuntu 26.04.1 LTS,7.0.0-34-generic,Intel(R) Core(TM) i7-14700HX,off,performance,29.8.1,d29e7e24eb36,1791477949297,3,axum-4c,axum,4,"2,4,6,12",P0,0.0,0.0,0.00,0.078,0,0,0,false,4.671,64.0,2086,running,0,file,256,60.0,81030,1350.50,4997.31,0.0000,0,0,0,0,189.540,190.976,232.959,244.224,267.264,295.935,344.914,0.0000,3.821,3.895,95.5,2.8295,1.24,62.70,68.39,73.41,80.95,22.27,69.00
1791477949297_r3_axum-4c_cpu_P0,2026-10-08 22:28:09,omih-83df,Ubuntu 26.04.1 LTS,7.0.0-34-generic,Intel(R) Core(TM) i7-14700HX,off,performance,29.8.1,d29e7e24eb36,1791477949297,3,axum-4c,axum,4,"2,4,6,12",P0,0.0,0.0,0.00,0.079,0,0,0,false,0.046,64.0,2096,running,0,cpu,256,60.0,9277,154.62,0.01,0.0000,0,0,0,0,1654.025,1658.880,1667.072,1667.072,1667.072,1675.264,1676.139,0.0000,4.000,4.016,100.0,25.8688,1.54,828.13,828.54,830.17,830.17,826.98,824.27
1791477949297_r3_express-4c_json-large_P0,2026-10-08 22:29:43,omih-83df,Ubuntu 26.04.1 LTS,7.0.0-34-generic,Intel(R) Core(TM) i7-14700HX,off,performance,29.8.1,e0708be228af,1791477949297,3,express-4c,express,4,"2,4,6,12",P0,0.0,0.0,0.00,0.075,0,0,0,false,0.860,64.0,2091,running,0,json-large,256,60.0,129279,2154.65,919.55,0.0000,0,0,0,0,118.852,115.968,144.895,170.495,239.103,293.887,1012.239,0.0000,3.991,4.002,99.8,1.8523,88.69,220.91,263.07,287.07,308.68,205.67,265.62
1791477949297_r3_express-4c_delay_P3,2026-10-08 22:31:18,omih-83df,Ubuntu 26.04.1 LTS,7.0.0-34-generic,Intel(R) Core(TM) i7-14700HX,off,performance,29.8.1,e0708be228af,1791477949297,3,express-4c,express,4,"2,4,6,12",P3,60.0,15.0,0.10,62.474,198,210,406,false,0.255,62.0,1535,running,0,delay,256,60.0,190315,3171.92,0.01,0.0000,0,0,0,0,80.693,80.127,99.584,105.216,116.480,355.327,493.462,0.0001,0.295,0.381,7.4,0.0930,86.66,157.77,168.62,168.96,169.26,166.14,157.38
1791477949297_r3_express-4c_delay_P5,2026-10-08 22:32:53,omih-83df,Ubuntu 26.04.1 LTS,7.0.0-34-generic,Intel(R) Core(TM) i7-14700HX,off,performance,29.8.1,e0708be228af,1791477949297,3,express-4c,express,4,"2,4,6,12",P5,120.0,40.0,2.00,111.507,2358,2372,4259,false,0.170,61.0,1440,running,0,delay,256,60.0,99668,1661.13,0.00,0.0000,0,0,0,0,154.129,141.823,201.215,229.887,513.024,788.480,1638.202,0.0000,0.216,0.324,5.4,0.1303,87.39,138.47,143.16,143.72,143.92,139.04,132.06
1791477949297_r3_express-4c_file_P0,2026-10-08 22:34:27,omih-83df,Ubuntu 26.04.1 LTS,7.0.0-34-generic,Intel(R) Core(TM) i7-14700HX,off,performance,29.8.1,e0708be228af,1791477949297,3,express-4c,express,4,"2,4,6,12",P0,0.0,0.0,0.00,0.079,0,0,0,false,2.457,63.0,2082,running,0,file,256,60.0,41859,697.65,2581.54,0.0000,0,0,0,0,367.091,365.567,404.479,416.767,443.392,476.159,520.088,0.0000,3.240,3.367,81.0,4.6445,87.02,467.35,484.73,500.22,506.36,473.93,479.43
1791477949297_r3_express-4c_json_P5,2026-10-08 22:36:02,omih-83df,Ubuntu 26.04.1 LTS,7.0.0-34-generic,Intel(R) Core(TM) i7-14700HX,off,performance,29.8.1,e0708be228af,1791477949297,3,express-4c,express,4,"2,4,6,12",P5,120.0,40.0,2.00,117.009,2755,2748,4951,false,0.177,61.0,1546,running,0,json,256,60.0,114600,1910.00,0.05,0.0000,0,0,0,0,133.995,122.112,180.736,210.431,484.351,735.231,1759.888,0.0000,0.232,0.309,5.8,0.1213,87.61,146.95,148.78,149.21,149.36,142.79,137.64
1791477949297_r3_express-4c_delay_P0,2026-10-08 22:37:36,omih-83df,Ubuntu 26.04.1 LTS,7.0.0-34-generic,Intel(R) Core(TM) i7-14700HX,off,performance,29.8.1,e0708be228af,1791477949297,3,express-4c,express,4,"2,4,6,12",P0,0.0,0.0,0.00,0.076,0,0,0,false,1.386,61.0,1580,running,0,delay,256,60.0,743346,12389.10,0.02,0.0000,0,0,0,0,20.654,20.672,21.311,21.439,21.823,22.335,28.139,0.0000,0.594,0.640,14.9,0.0480,87.51,277.49,343.84,344.44,346.61,344.25,327.37
1791477949297_r3_express-4c_json-large_P5,2026-10-08 22:39:21,omih-83df,Ubuntu 26.04.1 LTS,7.0.0-34-generic,Intel(R) Core(TM) i7-14700HX,off,performance,29.8.1,e0708be228af,1791477949297,3,express-4c,express,4,"2,4,6,12",P5,120.0,40.0,2.00,128.524,13031,13844,92,false,0.131,59.0,1394,running,0,json-large,256,60.0,3428,57.13,24.38,0.0000,0,0,0,0,4457.945,4136.959,6832.127,7716.864,9338.879,10649.600,12337.824,0.0000,0.169,0.255,4.2,2.9534,87.95,328.32,395.32,399.64,400.61,266.09,343.50
1791477949297_r3_express-4c_cpu_P0,2026-10-08 22:40:57,omih-83df,Ubuntu 26.04.1 LTS,7.0.0-34-generic,Intel(R) Core(TM) i7-14700HX,off,performance,29.8.1,e0708be228af,1791477949297,3,express-4c,express,4,"2,4,6,12",P0,0.0,0.0,0.00,0.079,0,0,0,false,0.037,62.0,2098,running,0,cpu,256,60.0,6975,116.25,0.01,0.0000,0,0,0,0,2197.910,2187.264,2711.552,2727.936,2744.320,2755.988,2755.988,0.0000,4.000,4.015,100.0,34.4056,87.48,430.24,434.52,434.77,434.77,433.35,425.18
1791477949297_r3_express-4c_file_P3,2026-10-08 22:42:39,omih-83df,Ubuntu 26.04.1 LTS,7.0.0-34-generic,Intel(R) Core(TM) i7-14700HX,off,performance,29.8.1,e0708be228af,1791477949297,3,express-4c,express,4,"2,4,6,12",P3,60.0,15.0,0.10,60.086,3769,4095,13,false,0.425,61.0,1450,running,0,file,256,60.0,2419,40.32,149.19,0.0000,0,0,0,0,6252.950,6307.840,8683.520,9338.879,10715.136,12156.927,12770.996,0.0000,0.301,0.437,7.5,7.4537,87.93,649.47,678.81,696.46,702.96,366.64,403.48
1791477949297_r3_express-4c_upload_P0,2026-10-08 22:44:13,omih-83df,Ubuntu 26.04.1 LTS,7.0.0-34-generic,Intel(R) Core(TM) i7-14700HX,off,performance,29.8.1,e0708be228af,1791477949297,3,express-4c,express,4,"2,4,6,12",P0,0.0,0.0,0.00,0.079,0,0,237493,false,3.520,64.0,2081,running,0,upload,256,60.0,212756,3545.93,0.06,0.0000,0,0,0,0,71.859,69.376,87.808,95.487,138.751,174.591,226.933,0.0000,3.769,3.946,94.2,1.0630,87.56,1106.12,1114.03,1117.69,1154.30,881.77,880.76
1791477949297_r3_express-4c_json_P3,2026-10-08 22:45:47,omih-83df,Ubuntu 26.04.1 LTS,7.0.0-34-generic,Intel(R) Core(TM) i7-14700HX,off,performance,29.8.1,e0708be228af,1791477949297,3,express-4c,express,4,"2,4,6,12",P3,60.0,15.0,0.10,62.733,280,295,572,false,0.292,62.0,1552,running,0,json,256,60.0,252736,4212.27,0.11,0.0000,0,0,0,0,60.768,60.288,79.615,85.248,96.511,326.656,376.403,0.0001,0.332,0.390,8.3,0.0788,87.57,148.70,150.70,150.99,151.24,148.79,140.65
1791477949297_r4_express-1c_json-large_P0,2026-10-08 22:47:22,omih-83df,Ubuntu 26.04.1 LTS,7.0.0-34-generic,Intel(R) Core(TM) i7-14700HX,off,performance,29.8.1,e0708be228af,1791477949297,4,express-1c,express,1,2,P0,0.0,0.0,0.00,0.077,0,0,0,false,0.258,61.0,2091,running,0,json-large,256,60.0,31293,521.55,222.58,0.0000,0,0,0,0,451.657,231.935,357.375,367.615,542.720,38141.952,42367.431,0.0000,1.000,1.000,100.0,1.9168,20.87,76.01,104.31,110.47,113.37,90.29,100.08
1791477949297_r4_express-1c_plaintext_P0,2026-10-08 22:48:55,omih-83df,Ubuntu 26.04.1 LTS,7.0.0-34-generic,Intel(R) Core(TM) i7-14700HX,off,performance,29.8.1,e0708be228af,1791477949297,4,express-1c,express,1,2,P0,0.0,0.0,0.00,0.074,0,0,0,false,2.502,61.0,2100,running,0,plaintext,256,60.0,1998916,33315.27,0.41,0.0000,0,0,0,0,7.677,7.567,7.984,8.047,8.415,15.967,34.950,0.0000,1.000,1.000,100.0,0.0300,20.36,63.07,69.61,69.61,69.61,66.98,64.05
1791477949297_r4_express-1c_delay_P5,2026-10-08 22:50:31,omih-83df,Ubuntu 26.04.1 LTS,7.0.0-34-generic,Intel(R) Core(TM) i7-14700HX,off,performance,29.8.1,e0708be228af,1791477949297,4,express-1c,express,1,2,P5,120.0,40.0,2.00,117.192,2441,2507,4449,false,0.139,59.0,1692,running,0,delay,256,60.0,99342,1655.70,0.00,0.0000,0,0,0,0,154.611,141.823,201.215,231.935,515.072,780.288,2118.115,0.0000,0.101,0.126,10.1,0.0610,20.37,51.81,58.09,58.60,58.84,55.33,51.70
1791477949297_r4_express-1c_upload_P0,2026-10-08 22:52:05,omih-83df,Ubuntu 26.04.1 LTS,7.0.0-34-generic,Intel(R) Core(TM) i7-14700HX,off,performance,29.8.1,e0708be228af,1791477949297,4,express-1c,express,1,2,P0,0.0,0.0,0.00,0.077,0,0,89066,false,0.664,61.0,2096,running,0,upload,256,60.0,64356,1072.60,0.02,0.0000,0,0,0,0,242.604,232.959,246.272,247.296,259.584,9994.239,20536.125,0.0000,1.000,1.004,100.0,0.9321,20.49,550.99,569.71,570.61,571.60,337.16,331.51
1791477949297_r4_express-1c_json_P5,2026-10-08 22:53:40,omih-83df,Ubuntu 26.04.1 LTS,7.0.0-34-generic,Intel(R) Core(TM) i7-14700HX,off,performance,29.8.1,e0708be228af,1791477949297,4,express-1c,express,1,2,P5,120.0,40.0,2.00,106.450,2739,2723,4916,false,0.169,59.0,1667,running,0,json,256,60.0,114745,1912.42,0.05,0.0000,0,0,0,0,133.886,122.112,180.736,210.431,482.303,751.615,2770.427,0.0000,0.100,0.110,10.0,0.0521,20.33,40.09,41.10,41.95,41.96,37.69,35.37
1791477949297_r4_express-1c_delay_P3,2026-10-08 22:55:15,omih-83df,Ubuntu 26.04.1 LTS,7.0.0-34-generic,Intel(R) Core(TM) i7-14700HX,off,performance,29.8.1,e0708be228af,1791477949297,4,express-1c,express,1,2,P3,60.0,15.0,0.10,61.774,206,218,419,false,0.242,58.0,1846,running,0,delay,256,60.0,190666,3177.77,0.01,0.0000,0,0,0,0,80.556,80.127,99.584,104.704,115.968,355.327,404.740,0.0000,0.153,0.167,15.3,0.0481,20.07,74.57,88.41,89.08,89.42,86.61,82.11
1791477949297_r4_express-1c_file_P0,2026-10-08 22:56:49,omih-83df,Ubuntu 26.04.1 LTS,7.0.0-34-generic,Intel(R) Core(TM) i7-14700HX,off,performance,29.8.1,e0708be228af,1791477949297,4,express-1c,express,1,2,P0,0.0,0.0,0.00,0.079,0,0,0,false,0.670,59.0,2098,running,0,file,256,60.0,14487,241.45,893.45,0.0000,0,0,0,0,1060.675,1052.671,1110.015,1142.784,1216.512,1241.088,1245.388,0.0000,1.000,1.006,100.0,4.1409,19.93,188.57,207.56,209.79,213.19,178.55,202.74
1791477949297_r4_express-1c_echo-json_P0,2026-10-08 22:58:23,omih-83df,Ubuntu 26.04.1 LTS,7.0.0-34-generic,Intel(R) Core(TM) i7-14700HX,off,performance,29.8.1,e0708be228af,1791477949297,4,express-1c,express,1,2,P0,0.0,0.0,0.00,0.079,0,0,1,false,0.905,61.0,2100,running,0,echo-json,256,60.0,840574,14009.57,25.44,0.0000,0,0,0,0,18.267,17.983,18.880,19.008,19.520,35.712,66.487,0.0000,1.000,1.000,100.0,0.0714,20.46,88.81,121.65,122.22,123.45,117.55,112.94
1791477949297_r4_express-1c_json_P3,2026-10-08 22:59:58,omih-83df,Ubuntu 26.04.1 LTS,7.0.0-34-generic,Intel(R) Core(TM) i7-14700HX,off,performance,29.8.1,e0708be228af,1791477949297,4,express-1c,express,1,2,P3,60.0,15.0,0.10,56.518,297,285,576,false,0.286,58.0,1914,running,0,json,256,60.0,253148,4219.13,0.11,0.0000,0,0,0,0,60.668,60.032,79.615,84.736,95.999,324.608,441.358,0.0000,0.181,0.190,18.1,0.0429,20.37,39.67,40.70,40.96,40.96,37.75,35.14
1791477949297_r4_express-1c_file_P3,2026-10-08 23:01:39,omih-83df,Ubuntu 26.04.1 LTS,7.0.0-34-generic,Intel(R) Core(TM) i7-14700HX,off,performance,29.8.1,e0708be228af,1791477949297,4,express-1c,express,1,2,P3,60.0,15.0,0.10,58.194,3415,3970,7,false,0.297,59.0,2096,running,0,file,256,60.0,2660,44.33,164.05,0.0000,0,0,0,0,5695.331,5783.551,5980.159,6340.608,7553.024,10649.600,11650.654,0.0000,0.990,0.995,99.0,22.3256,20.02,145.93,161.54,178.25,275.32,121.85,131.61
1791477949297_r4_express-1c_json-large_P5,2026-10-08 23:03:23,omih-83df,Ubuntu 26.04.1 LTS,7.0.0-34-generic,Intel(R) Core(TM) i7-14700HX,off,performance,29.8.1,e0708be228af,1791477949297,4,express-1c,express,1,2,P5,120.0,40.0,2.00,125.359,12907,13371,87,false,0.122,58.0,1811,running,0,json-large,256,60.0,3350,55.83,23.83,0.0000,0,0,0,0,4542.661,4210.688,7192.575,8077.311,9601.023,11370.496,12168.404,0.0001,0.168,0.255,16.8,3.0172,20.39,132.56,135.63,138.55,139.18,85.54,86.43
1791477949297_r4_express-1c_json_P0,2026-10-08 23:04:57,omih-83df,Ubuntu 26.04.1 LTS,7.0.0-34-generic,Intel(R) Core(TM) i7-14700HX,off,performance,29.8.1,e0708be228af,1791477949297,4,express-1c,express,1,2,P0,0.0,0.0,0.00,0.081,0,0,0,false,1.705,59.0,2100,running,0,json,256,60.0,1902540,31709.00,0.82,0.0000,0,0,0,0,8.068,7.984,8.351,8.479,8.864,16.448,35.659,0.0000,1.000,1.000,100.0,0.0315,20.24,60.11,71.77,72.02,72.02,69.96,66.18
1791477949297_r4_express-1c_delay_P0,2026-10-08 23:06:31,omih-83df,Ubuntu 26.04.1 LTS,7.0.0-34-generic,Intel(R) Core(TM) i7-14700HX,off,performance,29.8.1,e0708be228af,1791477949297,4,express-1c,express,1,2,P0,0.0,0.0,0.00,0.060,0,0,0,false,1.325,58.0,1759,running,0,delay,256,60.0,719363,11989.38,0.02,0.0000,0,0,0,0,21.342,21.311,22.207,22.463,23.232,29.631,38.881,0.0000,0.478,0.501,47.8,0.0399,20.46,94.39,98.12,98.78,98.96,97.47,92.70
1791477949297_r4_express-1c_cpu_P0,2026-10-08 23:08:13,omih-83df,Ubuntu 26.04.1 LTS,7.0.0-34-generic,Intel(R) Core(TM) i7-14700HX,off,performance,29.8.1,e0708be228af,1791477949297,4,express-1c,express,1,2,P0,0.0,0.0,0.00,0.072,0,0,0,false,0.010,58.0,2098,running,0,cpu,256,60.0,1905,31.75,0.00,0.0000,0,0,0,0,7847.064,8044.543,8077.311,8077.311,8077.311,8077.311,8090.265,0.0000,1.000,1.004,100.0,31.4905,20.35,52.48,55.26,55.51,55.51,54.46,51.92
1791477949297_r4_axum-1c_echo-json_P0,2026-10-08 23:09:47,omih-83df,Ubuntu 26.04.1 LTS,7.0.0-34-generic,Intel(R) Core(TM) i7-14700HX,off,performance,29.8.1,d29e7e24eb36,1791477949297,4,axum-1c,axum,1,2,P0,0.0,0.0,0.00,0.069,0,0,0,false,1.193,59.0,2100,running,0,echo-json,256,60.0,1513423,25223.72,45.85,0.0000,0,0,0,0,10.144,10.143,10.271,10.335,10.527,10.912,13.091,0.0000,1.000,1.000,100.0,0.0396,1.38,11.52,12.01,12.56,12.90,7.93,6.66
1791477949297_r4_axum-1c_delay_P5,2026-10-08 23:11:22,omih-83df,Ubuntu 26.04.1 LTS,7.0.0-34-generic,Intel(R) Core(TM) i7-14700HX,off,performance,29.8.1,d29e7e24eb36,1791477949297,4,axum-1c,axum,1,2,P5,120.0,40.0,2.00,122.609,2377,2440,4332,false,0.151,58.0,1522,running,0,delay,256,60.0,98593,1643.22,0.00,0.0000,0,0,0,0,155.805,143.871,202.239,232.959,515.072,800.768,1280.818,0.0000,0.042,0.047,4.2,0.0258,1.03,11.38,11.94,12.45,12.45,8.67,7.57
1791477949297_r4_axum-1c_json_P3,2026-10-08 23:12:56,omih-83df,Ubuntu 26.04.1 LTS,7.0.0-34-generic,Intel(R) Core(TM) i7-14700HX,off,performance,29.8.1,d29e7e24eb36,1791477949297,4,axum-1c,axum,1,2,P3,60.0,15.0,0.10,59.428,299,306,597,false,0.270,58.0,1877,running,0,json,256,60.0,253289,4221.48,0.11,0.0000,0,0,0,0,60.639,60.032,79.615,85.248,95.999,324.608,598.467,0.0000,0.068,0.072,6.8,0.0161,1.02,9.80,10.59,10.84,10.84,5.69,7.11
1791477949297_r4_axum-1c_delay_P0,2026-10-08 23:14:30,omih-83df,Ubuntu 26.04.1 LTS,7.0.0-34-generic,Intel(R) Core(TM) i7-14700HX,off,performance,29.8.1,d29e7e24eb36,1791477949297,4,axum-1c,axum,1,2,P0,0.0,0.0,0.00,0.068,0,0,0,false,1.246,58.0,1632,running,0,delay,256,60.0,701508,11691.80,0.02,0.0000,0,0,0,0,21.885,21.823,22.848,23.104,23.488,24.128,26.215,0.0000,0.188,0.202,18.8,0.0161,1.06,8.81,9.91,10.73,12.06,6.82,6.66
1791477949297_r4_axum-1c_cpu_P0,2026-10-08 23:16:10,omih-83df,Ubuntu 26.04.1 LTS,7.0.0-34-generic,Intel(R) Core(TM) i7-14700HX,off,performance,29.8.1,d29e7e24eb36,1791477949297,4,axum-1c,axum,1,2,P0,0.0,0.0,0.00,0.078,0,0,0,false,0.014,58.0,2099,running,0,cpu,256,60.0,2519,41.98,0.00,0.0000,0,0,0,0,6000.098,6108.180,6108.180,6108.180,6108.180,6108.180,6108.180,0.0000,1.000,1.000,100.0,23.8153,1.04,213.14,214.55,214.79,214.79,211.80,210.91
1791477949297_r4_axum-1c_json-large_P0,2026-10-08 23:17:43,omih-83df,Ubuntu 26.04.1 LTS,7.0.0-34-generic,Intel(R) Core(TM) i7-14700HX,off,performance,29.8.1,d29e7e24eb36,1791477949297,4,axum-1c,axum,1,2,P0,0.0,0.0,0.00,0.077,0,0,0,false,0.488,58.0,2093,running,0,json-large,256,60.0,77036,1283.93,551.38,0.0000,0,0,0,0,199.393,202.239,205.311,206.335,207.359,402.432,413.452,0.0000,1.000,1.004,100.0,0.7787,1.03,21.36,22.34,22.71,23.89,15.43,17.06
1791477949297_r4_axum-1c_file_P3,2026-10-08 23:19:24,omih-83df,Ubuntu 26.04.1 LTS,7.0.0-34-generic,Intel(R) Core(TM) i7-14700HX,off,performance,29.8.1,d29e7e24eb36,1791477949297,4,axum-1c,axum,1,2,P3,60.0,15.0,0.10,59.595,3853,4380,14,false,0.458,58.0,1770,running,0,file,256,60.0,3508,58.47,216.35,0.0000,0,0,0,0,4274.876,4276.224,7389.184,8241.151,9535.487,11370.496,12071.644,0.0000,0.312,0.983,31.2,5.3336,1.08,334.04,377.08,385.29,388.57,42.62,75.82
1791477949297_r4_axum-1c_json_P5,2026-10-08 23:20:59,omih-83df,Ubuntu 26.04.1 LTS,7.0.0-34-generic,Intel(R) Core(TM) i7-14700HX,off,performance,29.8.1,d29e7e24eb36,1791477949297,4,axum-1c,axum,1,2,P5,120.0,40.0,2.00,104.071,2872,2849,5116,false,0.159,58.0,1584,running,0,json,256,60.0,114242,1904.03,0.05,0.0000,0,0,0,0,134.468,122.112,181.760,212.480,486.399,755.712,2359.941,0.0000,0.039,0.043,3.9,0.0206,1.01,11.57,12.38,12.68,12.86,8.05,7.43
1791477949297_r4_axum-1c_json_P0,2026-10-08 23:22:33,omih-83df,Ubuntu 26.04.1 LTS,7.0.0-34-generic,Intel(R) Core(TM) i7-14700HX,off,performance,29.8.1,d29e7e24eb36,1791477949297,4,axum-1c,axum,1,2,P0,0.0,0.0,0.00,0.077,0,0,0,false,7.808,61.0,2100,running,0,json,256,60.0,5594437,93240.62,2.40,0.0000,0,0,0,0,2.738,2.712,3.015,3.063,3.352,4.623,7.847,0.0000,1.000,1.000,100.0,0.0107,1.07,9.42,9.91,11.79,12.25,6.98,6.41
1791477949297_r4_axum-1c_upload_P0,2026-10-08 23:24:07,omih-83df,Ubuntu 26.04.1 LTS,7.0.0-34-generic,Intel(R) Core(TM) i7-14700HX,off,performance,29.8.1,d29e7e24eb36,1791477949297,4,axum-1c,axum,1,2,P0,0.0,0.0,0.00,0.081,0,0,21822,false,2.300,61.0,2099,running,0,upload,256,60.0,183250,3054.17,0.05,0.0000,0,0,0,0,83.597,83.200,84.736,85.248,86.784,111.359,116.572,0.0000,1.000,1.000,100.0,0.3274,1.11,299.51,306.81,308.84,313.20,116.09,155.58
1791477949297_r4_axum-1c_file_P0,2026-10-08 23:25:41,omih-83df,Ubuntu 26.04.1 LTS,7.0.0-34-generic,Intel(R) Core(TM) i7-14700HX,off,performance,29.8.1,d29e7e24eb36,1791477949297,4,axum-1c,axum,1,2,P0,0.0,0.0,0.00,0.076,0,0,0,false,0.925,59.0,2098,running,0,file,256,60.0,24808,413.47,1529.97,0.0000,0,0,0,0,618.807,538.624,1257.472,1478.656,1568.767,1626.111,1705.965,0.0000,1.000,1.003,100.0,2.4181,1.02,44.61,45.38,46.10,47.49,22.28,41.36
1791477949297_r4_axum-1c_delay_P3,2026-10-08 23:27:15,omih-83df,Ubuntu 26.04.1 LTS,7.0.0-34-generic,Intel(R) Core(TM) i7-14700HX,off,performance,29.8.1,d29e7e24eb36,1791477949297,4,axum-1c,axum,1,2,P3,60.0,15.0,0.10,57.273,213,205,415,false,0.225,58.0,1778,running,0,delay,256,60.0,188507,3141.78,0.01,0.0000,0,0,0,0,81.471,81.151,100.096,105.728,116.992,357.375,410.975,0.0000,0.064,0.067,6.4,0.0202,1.07,10.06,10.65,11.06,11.19,7.50,7.35
1791477949297_r4_axum-1c_plaintext_P0,2026-10-08 23:28:49,omih-83df,Ubuntu 26.04.1 LTS,7.0.0-34-generic,Intel(R) Core(TM) i7-14700HX,off,performance,29.8.1,d29e7e24eb36,1791477949297,4,axum-1c,axum,1,2,P0,0.0,0.0,0.00,0.079,0,0,0,false,8.378,61.0,2100,running,0,plaintext,256,60.0,5913000,98550.00,1.22,0.0000,0,0,0,0,2.589,2.615,2.792,2.888,3.192,4.655,7.265,0.0000,1.000,1.004,100.0,0.0101,1.07,9.35,9.40,11.27,12.34,7.20,6.38
1791477949297_r4_axum-1c_json-large_P5,2026-10-08 23:30:32,omih-83df,Ubuntu 26.04.1 LTS,7.0.0-34-generic,Intel(R) Core(TM) i7-14700HX,off,performance,29.8.1,d29e7e24eb36,1791477949297,4,axum-1c,axum,1,2,P5,120.0,40.0,2.00,122.048,12806,14130,126,false,0.127,59.0,1822,running,0,json-large,256,60.0,3358,55.97,24.03,0.0000,0,0,0,0,4571.374,4308.992,6930.431,7880.703,9404.415,11239.424,11850.886,0.0000,0.057,0.080,5.7,1.0183,1.04,108.42,111.81,115.24,115.50,29.28,65.57
1791477949297_r4_express-4c_json_P3,2026-10-08 23:32:06,omih-83df,Ubuntu 26.04.1 LTS,7.0.0-34-generic,Intel(R) Core(TM) i7-14700HX,off,performance,29.8.1,e0708be228af,1791477949297,4,express-4c,express,4,"2,4,6,12",P3,60.0,15.0,0.10,61.109,297,318,611,false,0.299,58.0,1579,running,0,json,256,60.0,252770,4212.83,0.11,0.0000,0,0,0,0,60.764,60.288,79.615,85.248,95.999,326.656,379.189,0.0000,0.328,0.399,8.2,0.0778,88.82,143.19,145.38,145.84,146.57,142.87,133.91
1791477949297_r4_express-4c_delay_P3,2026-10-08 23:33:41,omih-83df,Ubuntu 26.04.1 LTS,7.0.0-34-generic,Intel(R) Core(TM) i7-14700HX,off,performance,29.8.1,e0708be228af,1791477949297,4,express-4c,express,4,"2,4,6,12",P3,60.0,15.0,0.10,58.949,188,215,401,false,0.236,58.0,1527,running,0,delay,256,60.0,190378,3172.97,0.01,0.0000,0,0,0,0,80.673,80.127,99.584,105.216,115.968,351.231,413.194,0.0000,0.287,0.393,7.2,0.0904,88.42,156.63,166.59,166.95,167.49,164.68,154.76
1791477949297_r4_express-4c_delay_P5,2026-10-08 23:35:16,omih-83df,Ubuntu 26.04.1 LTS,7.0.0-34-generic,Intel(R) Core(TM) i7-14700HX,off,performance,29.8.1,e0708be228af,1791477949297,4,express-4c,express,4,"2,4,6,12",P5,120.0,40.0,2.00,132.200,2534,2484,4531,false,0.142,58.0,1432,running,0,delay,256,60.0,99167,1652.78,0.00,0.0000,0,0,0,0,154.898,141.823,202.239,233.983,517.120,780.288,4074.991,0.0001,0.213,0.302,5.3,0.1288,87.32,140.40,144.45,145.55,145.56,141.02,133.74
1791477949297_r4_express-4c_json_P5,2026-10-08 23:36:51,omih-83df,Ubuntu 26.04.1 LTS,7.0.0-34-generic,Intel(R) Core(TM) i7-14700HX,off,performance,29.8.1,e0708be228af,1791477949297,4,express-4c,express,4,"2,4,6,12",P5,120.0,40.0,2.00,117.633,2820,2777,5064,false,0.149,58.0,1487,running,0,json,256,60.0,114444,1907.40,0.05,0.0000,0,0,0,0,134.204,122.112,181.760,212.480,484.351,731.135,1713.383,0.0000,0.236,0.316,5.9,0.1237,87.65,139.91,142.25,143.25,143.50,139.35,130.79
1791477949297_r4_express-4c_upload_P0,2026-10-08 23:38:25,omih-83df,Ubuntu 26.04.1 LTS,7.0.0-34-generic,Intel(R) Core(TM) i7-14700HX,off,performance,29.8.1,e0708be228af,1791477949297,4,express-4c,express,4,"2,4,6,12",P0,0.0,0.0,0.00,0.059,0,0,248479,false,3.370,62.0,2082,running,0,upload,256,60.0,213498,3558.30,0.06,0.0000,0,0,0,0,71.632,68.864,86.784,95.487,139.775,172.543,249.452,0.0001,3.749,3.926,93.7,1.0535,87.58,1204.45,1211.17,1245.92,1250.39,984.38,1012.96
1791477949297_r4_express-4c_json-large_P0,2026-10-08 23:39:59,omih-83df,Ubuntu 26.04.1 LTS,7.0.0-34-generic,Intel(R) Core(TM) i7-14700HX,off,performance,29.8.1,e0708be228af,1791477949297,4,express-4c,express,4,"2,4,6,12",P0,0.0,0.0,0.00,0.082,0,0,0,false,0.842,62.0,2089,running,0,json-large,256,60.0,124067,2067.78,882.47,0.0000,0,0,0,0,123.799,117.504,163.327,186.880,263.168,332.800,958.028,0.0000,3.990,4.001,99.8,1.9296,87.62,215.77,240.19,255.67,269.52,194.04,237.48
1791477949297_r4_express-4c_delay_P0,2026-10-08 23:41:33,omih-83df,Ubuntu 26.04.1 LTS,7.0.0-34-generic,Intel(R) Core(TM) i7-14700HX,off,performance,29.8.1,e0708be228af,1791477949297,4,express-4c,express,4,"2,4,6,12",P0,0.0,0.0,0.00,0.076,0,0,0,false,1.408,61.0,1536,running,0,delay,256,60.0,743261,12387.68,0.02,0.0000,0,0,0,0,20.656,20.672,21.311,21.439,21.823,22.335,28.094,0.0000,0.590,0.666,14.8,0.0477,88.07,280.39,344.61,346.11,347.18,345.27,328.40
1791477949297_r4_express-4c_cpu_P0,2026-10-08 23:43:09,omih-83df,Ubuntu 26.04.1 LTS,7.0.0-34-generic,Intel(R) Core(TM) i7-14700HX,off,performance,29.8.1,e0708be228af,1791477949297,4,express-4c,express,4,"2,4,6,12",P0,0.0,0.0,0.00,0.055,0,0,0,false,0.036,61.0,2097,running,0,cpu,256,60.0,6998,116.63,0.01,0.0000,0,0,0,0,2190.511,2203.648,2547.711,2564.095,2596.863,2629.631,2639.018,0.0000,4.000,4.002,100.0,34.2925,86.97,431.54,436.50,436.50,436.50,434.98,426.98
1791477949297_r4_express-4c_file_P0,2026-10-08 23:44:43,omih-83df,Ubuntu 26.04.1 LTS,7.0.0-34-generic,Intel(R) Core(TM) i7-14700HX,off,performance,29.8.1,e0708be228af,1791477949297,4,express-4c,express,4,"2,4,6,12",P0,0.0,0.0,0.00,0.078,0,0,0,false,2.470,64.0,2078,running,0,file,256,60.0,42629,710.48,2629.03,0.0000,0,0,0,0,360.363,359.423,396.288,408.575,433.151,461.824,478.723,0.0000,3.235,3.390,80.9,4.5527,87.70,464.03,478.88,491.29,499.09,472.32,471.14
1791477949297_r4_express-4c_json-large_P5,2026-10-08 23:46:27,omih-83df,Ubuntu 26.04.1 LTS,7.0.0-34-generic,Intel(R) Core(TM) i7-14700HX,off,performance,29.8.1,e0708be228af,1791477949297,4,express-4c,express,4,"2,4,6,12",P5,120.0,40.0,2.00,117.882,13234,14058,120,false,0.128,61.0,1425,running,0,json-large,256,60.0,3436,57.27,24.44,0.0000,0,0,0,0,4460.468,4210.688,6733.824,7618.560,9404.415,10911.744,11805.555,0.0000,0.170,0.268,4.2,2.9673,87.52,348.64,409.29,425.82,426.09,253.36,369.94
1791477949297_r4_express-4c_file_P3,2026-10-08 23:48:07,omih-83df,Ubuntu 26.04.1 LTS,7.0.0-34-generic,Intel(R) Core(TM) i7-14700HX,off,performance,29.8.1,e0708be228af,1791477949297,4,express-4c,express,4,"2,4,6,12",P3,60.0,15.0,0.10,56.861,3710,3968,9,false,0.411,59.0,1475,running,0,file,256,60.0,2378,39.63,146.66,0.0000,0,0,0,0,6371.116,6340.608,8814.592,9469.951,10780.672,11894.783,12890.895,0.0000,0.292,0.442,7.3,7.3776,88.60,664.43,699.84,715.63,721.30,404.53,404.32
1791477949297_r4_axum-4c_delay_P0,2026-10-08 23:49:41,omih-83df,Ubuntu 26.04.1 LTS,7.0.0-34-generic,Intel(R) Core(TM) i7-14700HX,off,performance,29.8.1,d29e7e24eb36,1791477949297,4,axum-4c,axum,4,"2,4,6,12",P0,0.0,0.0,0.00,0.078,0,0,0,false,1.255,58.0,1454,running,0,delay,256,60.0,711223,11853.72,0.02,0.0000,0,0,0,0,21.588,21.567,22.207,22.463,22.720,23.104,24.396,0.0000,0.313,0.330,7.8,0.0264,1.81,10.41,11.28,12.51,13.71,7.46,7.82
1791477949297_r4_axum-4c_file_P0,2026-10-08 23:51:15,omih-83df,Ubuntu 26.04.1 LTS,7.0.0-34-generic,Intel(R) Core(TM) i7-14700HX,off,performance,29.8.1,d29e7e24eb36,1791477949297,4,axum-4c,axum,4,"2,4,6,12",P0,0.0,0.0,0.00,0.060,0,0,0,false,4.840,64.0,2096,running,0,file,256,60.0,84534,1408.90,5213.41,0.0000,0,0,0,0,181.714,182.784,225.792,237.055,260.608,289.791,346.355,0.0000,3.855,3.921,96.4,2.7358,1.21,65.90,71.37,74.28,88.67,22.68,69.20
1791477949297_r4_axum-4c_json-large_P5,2026-10-08 23:53:01,omih-83df,Ubuntu 26.04.1 LTS,7.0.0-34-generic,Intel(R) Core(TM) i7-14700HX,off,performance,29.8.1,d29e7e24eb36,1791477949297,4,axum-4c,axum,4,"2,4,6,12",P5,120.0,40.0,2.00,118.221,13471,14156,106,false,0.123,61.0,1370,running,0,json-large,256,60.0,3432,57.20,24.56,0.0000,0,0,0,0,4436.764,4169.727,6701.056,7618.560,9535.487,11173.888,11655.275,0.0000,0.059,0.084,1.5,1.0399,1.20,143.15,158.39,162.79,164.02,44.82,113.63
1791477949297_r4_axum-4c_json_P3,2026-10-08 23:54:35,omih-83df,Ubuntu 26.04.1 LTS,7.0.0-34-generic,Intel(R) Core(TM) i7-14700HX,off,performance,29.8.1,d29e7e24eb36,1791477949297,4,axum-4c,axum,4,"2,4,6,12",P3,60.0,15.0,0.10,62.222,291,287,572,false,0.276,58.0,1396,running,0,json,256,60.0,253290,4221.50,0.11,0.0000,0,0,0,0,60.635,60.032,79.615,84.736,95.999,326.656,581.161,0.0000,0.080,0.091,2.0,0.0188,1.23,12.23,13.01,13.58,14.02,6.38,9.34
1791477949297_r4_axum-4c_cpu_P0,2026-10-08 23:56:11,omih-83df,Ubuntu 26.04.1 LTS,7.0.0-34-generic,Intel(R) Core(TM) i7-14700HX,off,performance,29.8.1,d29e7e24eb36,1791477949297,4,axum-4c,axum,4,"2,4,6,12",P0,0.0,0.0,0.00,0.064,0,0,0,false,0.046,62.0,2096,running,0,cpu,256,60.0,9346,155.77,0.01,0.0000,0,0,0,0,1641.790,1642.495,1650.688,1650.688,1650.688,1658.880,1658.951,0.0000,4.000,4.007,100.0,25.6773,1.29,827.89,829.17,829.55,829.55,826.58,824.21
1791477949297_r4_axum-4c_delay_P5,2026-10-08 23:57:46,omih-83df,Ubuntu 26.04.1 LTS,7.0.0-34-generic,Intel(R) Core(TM) i7-14700HX,off,performance,29.8.1,d29e7e24eb36,1791477949297,4,axum-4c,axum,4,"2,4,6,12",P5,120.0,40.0,2.00,116.912,2349,2438,4350,false,0.147,58.0,1272,running,0,delay,256,60.0,98643,1644.05,0.00,0.0000,0,0,0,0,155.713,142.847,202.239,232.959,515.072,776.192,1349.388,0.0000,0.076,0.085,1.9,0.0465,1.32,13.49,14.43,14.88,15.12,8.98,9.46
1791477949297_r4_axum-4c_json_P5,2026-10-08 23:59:21,omih-83df,Ubuntu 26.04.1 LTS,7.0.0-34-generic,Intel(R) Core(TM) i7-14700HX,off,performance,29.8.1,d29e7e24eb36,1791477949297,4,axum-4c,axum,4,"2,4,6,12",P5,120.0,40.0,2.00,105.293,2769,2756,4964,false,0.155,58.0,1301,running,0,json,256,60.0,114561,1909.35,0.05,0.0000,0,0,0,0,134.081,122.112,181.760,211.456,486.399,739.327,2519.159,0.0000,0.050,0.064,1.3,0.0264,1.28,13.15,14.23,14.99,15.20,9.04,9.41
1791477949297_r4_axum-4c_delay_P3,2026-10-09 00:00:55,omih-83df,Ubuntu 26.04.1 LTS,7.0.0-34-generic,Intel(R) Core(TM) i7-14700HX,off,performance,29.8.1,d29e7e24eb36,1791477949297,4,axum-4c,axum,4,"2,4,6,12",P3,60.0,15.0,0.10,65.786,223,223,440,false,0.234,58.0,1431,running,0,delay,256,60.0,188534,3142.23,0.01,0.0000,0,0,0,0,81.462,80.639,100.096,105.728,116.992,357.375,406.900,0.0000,0.118,0.124,2.9,0.0374,1.27,12.02,12.73,13.11,13.44,8.27,8.96
1791477949297_r4_axum-4c_json-large_P0,2026-10-09 00:02:29,omih-83df,Ubuntu 26.04.1 LTS,7.0.0-34-generic,Intel(R) Core(TM) i7-14700HX,off,performance,29.8.1,d29e7e24eb36,1791477949297,4,axum-4c,axum,4,"2,4,6,12",P0,0.0,0.0,0.00,0.072,0,0,0,false,1.831,61.0,2092,running,0,json-large,256,60.0,308140,5135.67,2205.48,0.0000,0,0,0,0,49.835,49.279,79.103,86.784,102.656,120.576,188.577,0.0000,4.000,4.000,100.0,0.7788,1.21,25.98,27.02,27.62,30.66,19.36,20.16
1791477949297_r4_axum-4c_file_P3,2026-10-09 00:04:09,omih-83df,Ubuntu 26.04.1 LTS,7.0.0-34-generic,Intel(R) Core(TM) i7-14700HX,off,performance,29.8.1,d29e7e24eb36,1791477949297,4,axum-4c,axum,4,"2,4,6,12",P3,60.0,15.0,0.10,63.375,3699,4175,17,false,0.418,59.0,1358,running,0,file,256,60.0,2653,44.22,163.62,0.0000,0,0,0,0,5684.521,6045.695,8339.456,9142.272,10321.919,11567.103,12919.596,0.0000,0.176,0.273,4.4,3.9908,1.20,369.30,384.70,391.25,401.41,59.20,102.09
1791477949297_r4_axum-4c_upload_P0,2026-10-09 00:05:43,omih-83df,Ubuntu 26.04.1 LTS,7.0.0-34-generic,Intel(R) Core(TM) i7-14700HX,off,performance,29.8.1,d29e7e24eb36,1791477949297,4,axum-4c,axum,4,"2,4,6,12",P0,0.0,0.0,0.00,0.078,0,0,43523,false,9.916,64.0,2098,running,0,upload,256,60.0,410034,6833.90,0.11,0.0000,0,0,0,0,36.957,34.175,52.608,58.752,69.888,82.175,100.560,0.0000,3.999,4.016,100.0,0.5852,1.21,350.34,376.36,408.46,411.96,95.75,231.25
1791477949297_r5_express-4c_json-large_P0,2026-10-09 00:07:17,omih-83df,Ubuntu 26.04.1 LTS,7.0.0-34-generic,Intel(R) Core(TM) i7-14700HX,off,performance,29.8.1,e0708be228af,1791477949297,5,express-4c,express,4,"2,4,6,12",P0,0.0,0.0,0.00,0.071,0,0,0,false,0.841,62.0,2090,running,0,json-large,256,60.0,125857,2097.62,895.21,0.0000,0,0,0,0,122.114,116.480,146.944,183.808,240.127,302.079,1265.959,0.0000,3.986,4.000,99.7,1.9004,88.11,211.53,244.38,262.10,278.41,185.04,243.23
1791477949297_r5_express-4c_delay_P5,2026-10-09 00:08:52,omih-83df,Ubuntu 26.04.1 LTS,7.0.0-34-generic,Intel(R) Core(TM) i7-14700HX,off,performance,29.8.1,e0708be228af,1791477949297,5,express-4c,express,4,"2,4,6,12",P5,120.0,40.0,2.00,120.747,2447,2499,4459,false,0.136,59.0,1444,running,0,delay,256,60.0,99114,1651.90,0.00,0.0000,0,0,0,0,154.986,141.823,201.215,232.959,519.168,780.288,2500.945,0.0000,0.210,0.300,5.3,0.1272,88.37,138.10,142.70,143.23,143.25,138.93,130.96
1791477949297_r5_express-4c_upload_P0,2026-10-09 00:10:26,omih-83df,Ubuntu 26.04.1 LTS,7.0.0-34-generic,Intel(R) Core(TM) i7-14700HX,off,performance,29.8.1,e0708be228af,1791477949297,5,express-4c,express,4,"2,4,6,12",P0,0.0,0.0,0.00,0.079,0,0,251478,false,3.193,64.0,2082,running,0,upload,256,60.0,214211,3570.18,0.06,0.0000,0,0,0,0,71.434,68.864,87.296,94.975,136.703,170.495,223.125,0.0000,3.759,3.932,94.0,1.0528,87.82,1162.04,1167.63,1208.00,1255.89,941.53,971.63
1791477949297_r5_express-4c_json-large_P5,2026-10-09 00:12:11,omih-83df,Ubuntu 26.04.1 LTS,7.0.0-34-generic,Intel(R) Core(TM) i7-14700HX,off,performance,29.8.1,e0708be228af,1791477949297,5,express-4c,express,4,"2,4,6,12",P5,120.0,40.0,2.00,118.257,12982,13510,117,false,0.122,61.0,1356,running,0,json-large,256,60.0,3439,57.32,24.46,0.0000,0,0,0,0,4447.454,4136.959,6766.592,7716.864,9535.487,11501.567,12817.578,0.0000,0.170,0.264,4.3,2.9729,87.72,342.29,424.98,426.79,427.96,256.14,372.89
1791477949297_r5_express-4c_file_P3,2026-10-09 00:13:53,omih-83df,Ubuntu 26.04.1 LTS,7.0.0-34-generic,Intel(R) Core(TM) i7-14700HX,off,performance,29.8.1,e0708be228af,1791477949297,5,express-4c,express,4,"2,4,6,12",P3,60.0,15.0,0.10,60.776,3795,4252,11,false,0.423,58.0,1437,running,0,file,256,60.0,2643,44.05,163.00,0.0000,0,0,0,0,5703.600,5914.623,8372.224,9076.736,10321.919,12156.927,12318.142,0.0000,0.308,0.486,7.7,6.9850,87.36,683.46,709.75,719.47,726.74,405.60,405.39
1791477949297_r5_express-4c_delay_P0,2026-10-09 00:15:27,omih-83df,Ubuntu 26.04.1 LTS,7.0.0-34-generic,Intel(R) Core(TM) i7-14700HX,off,performance,29.8.1,e0708be228af,1791477949297,5,express-4c,express,4,"2,4,6,12",P0,0.0,0.0,0.00,0.077,0,0,0,false,1.394,58.0,1537,running,0,delay,256,60.0,742489,12374.82,0.02,0.0000,0,0,0,0,20.676,20.672,21.311,21.439,21.951,22.463,30.379,0.0000,0.590,0.658,14.8,0.0477,88.38,280.33,343.66,344.52,345.71,344.05,326.88
1791477949297_r5_express-4c_json_P3,2026-10-09 00:17:01,omih-83df,Ubuntu 26.04.1 LTS,7.0.0-34-generic,Intel(R) Core(TM) i7-14700HX,off,performance,29.8.1,e0708be228af,1791477949297,5,express-4c,express,4,"2,4,6,12",P3,60.0,15.0,0.10,64.028,269,265,532,false,0.269,58.0,1544,running,0,json,256,60.0,253529,4225.48,0.11,0.0000,0,0,0,0,60.578,60.032,79.615,84.736,95.999,324.608,453.112,0.0000,0.315,0.401,7.9,0.0746,87.00,150.27,152.16,152.53,152.58,149.98,141.89
1791477949297_r5_express-4c_file_P0,2026-10-09 00:18:35,omih-83df,Ubuntu 26.04.1 LTS,7.0.0-34-generic,Intel(R) Core(TM) i7-14700HX,off,performance,29.8.1,e0708be228af,1791477949297,5,express-4c,express,4,"2,4,6,12",P0,0.0,0.0,0.00,0.081,0,0,0,false,2.478,61.0,2081,running,0,file,256,60.0,43829,730.48,2703.04,0.0000,0,0,0,0,350.472,349.183,388.096,402.432,435.200,482.303,498.850,0.0000,3.262,3.410,81.6,4.4656,87.73,482.55,492.86,496.86,500.48,489.91,476.25
1791477949297_r5_express-4c_delay_P3,2026-10-09 00:20:10,omih-83df,Ubuntu 26.04.1 LTS,7.0.0-34-generic,Intel(R) Core(TM) i7-14700HX,off,performance,29.8.1,e0708be228af,1791477949297,5,express-4c,express,4,"2,4,6,12",P3,60.0,15.0,0.10,59.569,231,187,410,false,0.225,58.0,1474,running,0,delay,256,60.0,190342,3172.37,0.01,0.0000,0,0,0,0,80.694,80.127,99.584,105.216,115.968,353.279,401.479,0.0000,0.269,0.346,6.7,0.0848,87.80,159.22,170.17,170.48,171.10,167.25,158.76
1791477949297_r5_express-4c_json_P5,2026-10-09 00:21:45,omih-83df,Ubuntu 26.04.1 LTS,7.0.0-34-generic,Intel(R) Core(TM) i7-14700HX,off,performance,29.8.1,e0708be228af,1791477949297,5,express-4c,express,4,"2,4,6,12",P5,120.0,40.0,2.00,121.434,2816,2872,5112,false,0.148,58.0,1462,running,0,json,256,60.0,114154,1902.57,0.05,0.0000,0,0,0,0,134.569,122.624,181.760,212.480,486.399,755.712,1356.659,0.0000,0.238,0.299,5.9,0.1249,87.74,142.19,144.22,144.94,144.94,141.75,132.86
1791477949297_r5_express-4c_cpu_P0,2026-10-09 00:23:21,omih-83df,Ubuntu 26.04.1 LTS,7.0.0-34-generic,Intel(R) Core(TM) i7-14700HX,off,performance,29.8.1,e0708be228af,1791477949297,5,express-4c,express,4,"2,4,6,12",P0,0.0,0.0,0.00,0.080,0,0,0,false,0.035,59.0,2098,running,0,cpu,256,60.0,7009,116.82,0.01,0.0000,0,0,0,0,2186.708,2187.264,2383.872,2433.023,2465.791,2498.559,2512.309,0.0000,4.000,4.016,100.0,34.2393,87.58,432.99,437.94,437.94,438.18,436.71,428.34
1791477949297_r5_express-1c_echo-json_P0,2026-10-09 00:24:55,omih-83df,Ubuntu 26.04.1 LTS,7.0.0-34-generic,Intel(R) Core(TM) i7-14700HX,off,performance,29.8.1,e0708be228af,1791477949297,5,express-1c,express,1,2,P0,0.0,0.0,0.00,0.078,0,0,0,false,0.888,58.0,2100,running,0,echo-json,256,60.0,855866,14264.43,25.90,0.0000,0,0,0,0,17.941,17.599,18.623,18.752,19.392,35.200,50.257,0.0001,1.000,1.004,100.0,0.0701,20.57,96.65,122.05,122.41,122.95,118.68,113.39
1791477949297_r5_express-1c_cpu_P0,2026-10-09 00:26:37,omih-83df,Ubuntu 26.04.1 LTS,7.0.0-34-generic,Intel(R) Core(TM) i7-14700HX,off,performance,29.8.1,e0708be228af,1791477949297,5,express-1c,express,1,2,P0,0.0,0.0,0.00,0.084,0,0,0,false,0.011,58.0,2097,running,0,cpu,256,60.0,1916,31.93,0.00,0.0000,0,0,0,0,7814.175,8011.775,8044.543,8044.543,8044.543,8044.543,8057.831,0.0000,1.000,1.000,100.0,31.3093,20.41,50.76,53.57,53.57,53.57,52.68,50.43
1791477949297_r5_express-1c_file_P3,2026-10-09 00:28:19,omih-83df,Ubuntu 26.04.1 LTS,7.0.0-34-generic,Intel(R) Core(TM) i7-14700HX,off,performance,29.8.1,e0708be228af,1791477949297,5,express-1c,express,1,2,P3,60.0,15.0,0.10,62.125,3417,4123,9,false,0.310,58.0,2095,running,0,file,256,60.0,2787,46.45,171.88,0.0000,0,0,0,0,5439.154,5488.640,5849.087,6111.231,7684.096,9732.095,12795.324,0.0001,0.992,0.996,99.2,21.3535,20.69,158.05,173.05,190.15,306.01,132.23,139.77
1791477949297_r5_express-1c_delay_P0,2026-10-09 00:29:53,omih-83df,Ubuntu 26.04.1 LTS,7.0.0-34-generic,Intel(R) Core(TM) i7-14700HX,off,performance,29.8.1,e0708be228af,1791477949297,5,express-1c,express,1,2,P0,0.0,0.0,0.00,0.067,0,0,0,false,1.304,58.0,1770,running,0,delay,256,60.0,719273,11987.88,0.02,0.0000,0,0,0,0,21.346,21.311,22.207,22.463,23.360,28.735,40.164,0.0000,0.472,0.499,47.2,0.0393,20.37,95.49,99.00,99.32,99.37,97.95,93.03
1791477949297_r5_express-1c_plaintext_P0,2026-10-09 00:31:27,omih-83df,Ubuntu 26.04.1 LTS,7.0.0-34-generic,Intel(R) Core(TM) i7-14700HX,off,performance,29.8.1,e0708be228af,1791477949297,5,express-1c,express,1,2,P0,0.0,0.0,0.00,0.078,0,0,0,false,2.068,58.0,2100,running,0,plaintext,256,60.0,2003326,33388.77,0.41,0.0000,0,0,0,0,7.661,7.567,7.952,8.047,8.287,15.967,33.581,0.0000,1.000,1.000,100.0,0.0299,20.64,66.88,73.35,73.35,73.35,71.45,67.79
1791477949297_r5_express-1c_json_P5,2026-10-09 00:33:02,omih-83df,Ubuntu 26.04.1 LTS,7.0.0-34-generic,Intel(R) Core(TM) i7-14700HX,off,performance,29.8.1,e0708be228af,1791477949297,5,express-1c,express,1,2,P5,120.0,40.0,2.00,130.438,2940,2836,5127,false,0.118,58.0,1688,running,0,json,256,60.0,114104,1901.73,0.05,0.0000,0,0,0,0,134.607,122.112,181.760,213.504,486.399,759.808,1807.297,0.0000,0.094,0.101,9.4,0.0495,20.45,38.31,39.86,40.27,40.29,36.50,33.86
1791477949297_r5_express-1c_json-large_P5,2026-10-09 00:34:47,omih-83df,Ubuntu 26.04.1 LTS,7.0.0-34-generic,Intel(R) Core(TM) i7-14700HX,off,performance,29.8.1,e0708be228af,1791477949297,5,express-1c,express,1,2,P5,120.0,40.0,2.00,97.636,13099,13679,105,false,0.117,56.0,1781,running,0,json-large,256,60.0,3431,57.18,24.40,0.0000,0,0,0,0,4441.978,4153.343,6897.663,7716.864,9338.879,10977.280,12199.701,0.0001,0.174,0.260,17.4,3.0498,20.40,134.43,140.44,142.25,143.01,81.48,94.47
1791477949297_r5_express-1c_json_P3,2026-10-09 00:36:22,omih-83df,Ubuntu 26.04.1 LTS,7.0.0-34-generic,Intel(R) Core(TM) i7-14700HX,off,performance,29.8.1,e0708be228af,1791477949297,5,express-1c,express,1,2,P3,60.0,15.0,0.10,57.709,300,284,581,false,0.255,56.0,1937,running,0,json,256,60.0,253078,4217.97,0.11,0.0000,0,0,0,0,60.689,60.032,79.615,85.248,96.511,324.608,676.720,0.0000,0.178,0.184,17.8,0.0423,19.91,39.43,40.45,40.95,40.95,37.28,34.84
1791477949297_r5_express-1c_delay_P3,2026-10-09 00:37:56,omih-83df,Ubuntu 26.04.1 LTS,7.0.0-34-generic,Intel(R) Core(TM) i7-14700HX,off,performance,29.8.1,e0708be228af,1791477949297,5,express-1c,express,1,2,P3,60.0,15.0,0.10,65.940,243,225,465,false,0.188,56.0,1850,running,0,delay,256,60.0,190644,3177.40,0.01,0.0000,0,0,0,0,80.561,80.127,99.072,104.704,115.968,357.375,659.582,0.0000,0.148,0.162,14.8,0.0464,20.66,75.60,89.27,89.65,90.86,87.82,82.86
1791477949297_r5_express-1c_json-large_P0,2026-10-09 00:39:31,omih-83df,Ubuntu 26.04.1 LTS,7.0.0-34-generic,Intel(R) Core(TM) i7-14700HX,off,performance,29.8.1,e0708be228af,1791477949297,5,express-1c,express,1,2,P0,0.0,0.0,0.00,0.053,0,0,0,false,0.257,58.0,2093,running,0,json-large,256,60.0,31633,527.22,225.00,0.0000,0,0,0,0,446.273,225.792,347.135,359.423,506.880,37617.664,41820.725,0.0000,0.999,1.004,99.9,1.8958,20.41,73.03,102.40,105.55,113.92,84.94,96.84
1791477949297_r5_express-1c_json_P0,2026-10-09 00:41:05,omih-83df,Ubuntu 26.04.1 LTS,7.0.0-34-generic,Intel(R) Core(TM) i7-14700HX,off,performance,29.8.1,e0708be228af,1791477949297,5,express-1c,express,1,2,P0,0.0,0.0,0.00,0.078,0,0,0,false,1.226,58.0,2100,running,0,json,256,60.0,1811153,30185.88,0.78,0.0000,0,0,0,0,8.477,8.415,8.800,8.864,9.056,16.831,24.131,0.0000,1.000,1.004,100.0,0.0331,20.35,60.06,69.93,69.93,69.93,67.41,63.98
1791477949297_r5_express-1c_delay_P5,2026-10-09 00:42:40,omih-83df,Ubuntu 26.04.1 LTS,7.0.0-34-generic,Intel(R) Core(TM) i7-14700HX,off,performance,29.8.1,e0708be228af,1791477949297,5,express-1c,express,1,2,P5,120.0,40.0,2.00,126.271,2411,2424,4349,false,0.131,58.0,1714,running,0,delay,256,60.0,99279,1654.65,0.00,0.0000,0,0,0,0,154.747,142.847,201.215,231.935,515.072,800.768,1515.785,0.0000,0.095,0.112,9.5,0.0575,20.42,51.48,58.16,58.85,58.85,55.07,51.52
1791477949297_r5_express-1c_file_P0,2026-10-09 00:44:14,omih-83df,Ubuntu 26.04.1 LTS,7.0.0-34-generic,Intel(R) Core(TM) i7-14700HX,off,performance,29.8.1,e0708be228af,1791477949297,5,express-1c,express,1,2,P0,0.0,0.0,0.00,0.082,0,0,0,false,0.615,58.0,2097,running,0,file,256,60.0,14266,237.77,879.82,0.0000,0,0,0,0,1075.813,1077.247,1110.015,1126.399,1208.320,1257.472,1260.451,0.0001,1.000,1.001,100.0,4.2048,20.42,188.58,209.50,212.77,217.00,176.03,204.90
1791477949297_r5_express-1c_upload_P0,2026-10-09 00:45:49,omih-83df,Ubuntu 26.04.1 LTS,7.0.0-34-generic,Intel(R) Core(TM) i7-14700HX,off,performance,29.8.1,e0708be228af,1791477949297,5,express-1c,express,1,2,P0,0.0,0.0,0.00,0.076,0,0,85904,false,0.613,58.0,2098,running,0,upload,256,60.0,64521,1075.35,0.02,0.0000,0,0,0,0,241.902,233.983,246.272,249.344,330.752,9535.487,20051.891,0.0000,1.000,1.001,100.0,0.9296,20.37,532.86,552.04,552.80,553.65,322.09,316.69
1791477949297_r5_axum-4c_json-large_P5,2026-10-09 00:47:35,omih-83df,Ubuntu 26.04.1 LTS,7.0.0-34-generic,Intel(R) Core(TM) i7-14700HX,off,performance,29.8.1,d29e7e24eb36,1791477949297,5,axum-4c,axum,4,"2,4,6,12",P5,120.0,40.0,2.00,125.977,12676,13753,103,false,0.116,58.0,1323,running,0,json-large,256,60.0,3362,56.03,24.06,0.0000,0,0,0,0,4541.984,4243.456,6930.431,7815.167,9666.559,11239.424,12144.132,0.0000,0.059,0.084,1.5,1.0473,1.55,159.94,181.35,185.78,185.78,107.10,137.75
1791477949297_r5_axum-4c_json-large_P0,2026-10-09 00:49:09,omih-83df,Ubuntu 26.04.1 LTS,7.0.0-34-generic,Intel(R) Core(TM) i7-14700HX,off,performance,29.8.1,d29e7e24eb36,1791477949297,5,axum-4c,axum,4,"2,4,6,12",P0,0.0,0.0,0.00,0.079,0,0,0,false,1.840,61.0,2091,running,0,json-large,256,60.0,310465,5174.42,2222.12,0.0000,0,0,0,0,49.461,49.279,77.567,84.736,99.584,116.480,180.741,0.0000,3.994,3.996,99.9,0.7719,1.37,24.00,24.82,25.20,30.71,18.43,17.55
1791477949297_r5_axum-4c_file_P0,2026-10-09 00:50:43,omih-83df,Ubuntu 26.04.1 LTS,7.0.0-34-generic,Intel(R) Core(TM) i7-14700HX,off,performance,29.8.1,d29e7e24eb36,1791477949297,5,axum-4c,axum,4,"2,4,6,12",P0,0.0,0.0,0.00,0.074,0,0,0,false,4.667,63.0,2091,running,0,file,256,60.0,82820,1380.33,5107.70,0.0000,0,0,0,0,185.407,186.880,228.863,241.151,263.168,293.887,340.248,0.0000,3.815,3.882,95.4,2.7636,1.27,62.04,68.34,72.93,84.63,29.34,67.37
1791477949297_r5_axum-4c_json_P5,2026-10-09 00:52:19,omih-83df,Ubuntu 26.04.1 LTS,7.0.0-34-generic,Intel(R) Core(TM) i7-14700HX,off,performance,29.8.1,d29e7e24eb36,1791477949297,5,axum-4c,axum,4,"2,4,6,12",P5,120.0,40.0,2.00,109.345,2833,2864,5080,false,0.148,59.0,1278,running,0,json,256,60.0,114381,1906.35,0.05,0.0000,0,0,0,0,134.313,122.112,181.760,212.480,486.399,768.000,1526.204,0.0000,0.047,0.061,1.2,0.0247,1.26,12.92,14.04,14.70,14.70,9.04,9.30
1791477949297_r5_axum-4c_delay_P3,2026-10-09 00:53:53,omih-83df,Ubuntu 26.04.1 LTS,7.0.0-34-generic,Intel(R) Core(TM) i7-14700HX,off,performance,29.8.1,d29e7e24eb36,1791477949297,5,axum-4c,axum,4,"2,4,6,12",P3,60.0,15.0,0.10,65.139,183,219,402,false,0.197,58.0,1355,running,0,delay,256,60.0,188670,3144.50,0.01,0.0000,0,0,0,0,81.409,81.151,100.096,105.728,116.992,353.279,408.669,0.0000,0.110,0.118,2.8,0.0350,1.25,11.64,12.36,12.90,13.00,8.27,8.82
1791477949297_r5_axum-4c_delay_P5,2026-10-09 00:55:28,omih-83df,Ubuntu 26.04.1 LTS,7.0.0-34-generic,Intel(R) Core(TM) i7-14700HX,off,performance,29.8.1,d29e7e24eb36,1791477949297,5,axum-4c,axum,4,"2,4,6,12",P5,120.0,40.0,2.00,117.895,2470,2337,4331,false,0.115,58.0,1276,running,0,delay,256,60.0,98934,1648.90,0.00,0.0000,0,0,0,0,155.286,142.847,202.239,232.959,517.120,788.480,1948.475,0.0000,0.074,0.082,1.9,0.0450,1.19,12.87,14.18,14.52,14.85,8.75,9.85
1791477949297_r5_axum-4c_cpu_P0,2026-10-09 00:57:03,omih-83df,Ubuntu 26.04.1 LTS,7.0.0-34-generic,Intel(R) Core(TM) i7-14700HX,off,performance,29.8.1,d29e7e24eb36,1791477949297,5,axum-4c,axum,4,"2,4,6,12",P0,0.0,0.0,0.00,0.074,0,0,0,false,0.043,59.0,2096,running,0,cpu,256,60.0,9342,155.70,0.01,0.0000,0,0,0,0,1642.813,1642.495,1658.880,1667.072,1667.072,1675.264,1679.261,0.0000,4.000,4.000,100.0,25.6880,1.22,828.20,829.61,830.52,830.94,826.59,824.22
1791477949297_r5_axum-4c_file_P3,2026-10-09 00:58:44,omih-83df,Ubuntu 26.04.1 LTS,7.0.0-34-generic,Intel(R) Core(TM) i7-14700HX,off,performance,29.8.1,d29e7e24eb36,1791477949297,5,axum-4c,axum,4,"2,4,6,12",P3,60.0,15.0,0.10,63.015,3841,4170,12,false,0.411,58.0,1284,running,0,file,256,60.0,2521,42.02,155.48,0.0000,0,0,0,0,6033.951,6045.695,8552.448,9273.344,10452.992,12091.391,13390.278,0.0000,0.165,0.217,4.1,3.9160,1.23,381.71,404.23,413.27,422.42,48.50,99.41
1791477949297_r5_axum-4c_delay_P0,2026-10-09 01:00:18,omih-83df,Ubuntu 26.04.1 LTS,7.0.0-34-generic,Intel(R) Core(TM) i7-14700HX,off,performance,29.8.1,d29e7e24eb36,1791477949297,5,axum-4c,axum,4,"2,4,6,12",P0,0.0,0.0,0.00,0.080,0,0,0,false,1.246,58.0,1421,running,0,delay,256,60.0,711212,11853.53,0.02,0.0000,0,0,0,0,21.587,21.567,22.207,22.463,22.848,23.232,26.353,0.0000,0.305,0.319,7.6,0.0257,1.26,10.39,10.78,11.69,13.15,8.12,8.13
1791477949297_r5_axum-4c_upload_P0,2026-10-09 01:01:52,omih-83df,Ubuntu 26.04.1 LTS,7.0.0-34-generic,Intel(R) Core(TM) i7-14700HX,off,performance,29.8.1,d29e7e24eb36,1791477949297,5,axum-4c,axum,4,"2,4,6,12",P0,0.0,0.0,0.00,0.075,0,0,31345,false,9.981,64.0,2098,running,0,upload,256,60.0,416022,6933.70,0.11,0.0000,0,0,0,0,36.424,35.456,48.767,51.584,63.103,92.415,109.063,0.0000,3.999,4.000,100.0,0.5768,1.22,360.62,389.56,413.84,438.96,137.62,243.62
1791477949297_r5_axum-4c_json_P3,2026-10-09 01:03:27,omih-83df,Ubuntu 26.04.1 LTS,7.0.0-34-generic,Intel(R) Core(TM) i7-14700HX,off,performance,29.8.1,d29e7e24eb36,1791477949297,5,axum-4c,axum,4,"2,4,6,12",P3,60.0,15.0,0.10,69.245,277,318,590,false,0.227,59.0,1376,running,0,json,256,60.0,253179,4219.65,0.11,0.0000,0,0,0,0,60.664,60.288,79.615,85.248,95.999,326.656,433.436,0.0000,0.078,0.087,1.9,0.0184,1.23,11.96,12.70,13.24,13.49,6.66,9.21
1791477949297_r5_axum-1c_delay_P5,2026-10-09 01:05:02,omih-83df,Ubuntu 26.04.1 LTS,7.0.0-34-generic,Intel(R) Core(TM) i7-14700HX,off,performance,29.8.1,d29e7e24eb36,1791477949297,5,axum-1c,axum,1,2,P5,120.0,40.0,2.00,111.415,2471,2346,4357,false,0.137,58.0,1503,running,0,delay,256,60.0,98836,1647.27,0.00,0.0000,0,0,0,0,155.413,142.847,202.239,231.935,515.072,800.768,2382.581,0.0000,0.040,0.044,4.0,0.0246,1.04,11.58,12.37,12.86,12.88,8.50,7.55
1791477949297_r5_axum-1c_json_P3,2026-10-09 01:06:36,omih-83df,Ubuntu 26.04.1 LTS,7.0.0-34-generic,Intel(R) Core(TM) i7-14700HX,off,performance,29.8.1,d29e7e24eb36,1791477949297,5,axum-1c,axum,1,2,P3,60.0,15.0,0.10,60.512,268,305,569,false,0.252,58.0,1828,running,0,json,256,60.0,253439,4223.98,0.11,0.0000,0,0,0,0,60.601,60.032,79.615,84.736,95.999,324.608,599.417,0.0000,0.067,0.072,6.7,0.0158,1.31,10.39,11.02,11.71,11.95,6.18,7.15
1791477949297_r5_axum-1c_file_P0,2026-10-09 01:08:10,omih-83df,Ubuntu 26.04.1 LTS,7.0.0-34-generic,Intel(R) Core(TM) i7-14700HX,off,performance,29.8.1,d29e7e24eb36,1791477949297,5,axum-1c,axum,1,2,P0,0.0,0.0,0.00,0.070,0,0,0,false,0.916,58.0,2098,running,0,file,256,60.0,24690,411.50,1522.69,0.0000,0,0,0,0,622.339,546.816,1249.280,1454.080,1535.999,1585.151,1608.487,0.0000,1.000,1.004,100.0,2.4296,1.36,45.15,45.89,46.49,48.71,20.75,41.27
1791477949297_r5_axum-1c_file_P3,2026-10-09 01:09:50,omih-83df,Ubuntu 26.04.1 LTS,7.0.0-34-generic,Intel(R) Core(TM) i7-14700HX,off,performance,29.8.1,d29e7e24eb36,1791477949297,5,axum-1c,axum,1,2,P3,60.0,15.0,0.10,53.907,4065,4559,12,false,0.445,58.0,1831,running,0,file,256,60.0,3492,58.20,215.36,0.0000,0,0,0,0,4314.537,4186.111,7094.271,7815.167,9273.344,10518.528,12643.449,0.0000,0.385,0.983,38.5,6.6076,1.00,314.49,377.12,390.95,394.98,39.57,76.25
1791477949297_r5_axum-1c_plaintext_P0,2026-10-09 01:11:23,omih-83df,Ubuntu 26.04.1 LTS,7.0.0-34-generic,Intel(R) Core(TM) i7-14700HX,off,performance,29.8.1,d29e7e24eb36,1791477949297,5,axum-1c,axum,1,2,P0,0.0,0.0,0.00,0.077,0,0,0,false,7.467,58.0,2100,running,0,plaintext,256,60.0,5386835,89780.58,1.11,0.0000,0,0,0,0,2.843,2.904,3.031,3.095,3.336,4.431,7.069,0.0000,1.000,1.000,100.0,0.0111,1.29,9.47,10.34,11.54,12.70,7.09,6.37
1791477949297_r5_axum-1c_json_P5,2026-10-09 01:12:59,omih-83df,Ubuntu 26.04.1 LTS,7.0.0-34-generic,Intel(R) Core(TM) i7-14700HX,off,performance,29.8.1,d29e7e24eb36,1791477949297,5,axum-1c,axum,1,2,P5,120.0,40.0,2.00,128.754,2916,2804,5145,false,0.137,58.0,1523,running,0,json,256,60.0,114159,1902.65,0.05,0.0000,0,0,0,0,134.591,122.112,181.760,213.504,486.399,747.519,2413.817,0.0000,0.038,0.041,3.8,0.0197,1.11,11.37,12.10,12.36,12.37,8.22,7.43
1791477949297_r5_axum-1c_delay_P3,2026-10-09 01:14:33,omih-83df,Ubuntu 26.04.1 LTS,7.0.0-34-generic,Intel(R) Core(TM) i7-14700HX,off,performance,29.8.1,d29e7e24eb36,1791477949297,5,axum-1c,axum,1,2,P3,60.0,15.0,0.10,55.026,211,233,440,false,0.186,55.0,1757,running,0,delay,256,60.0,188489,3141.48,0.01,0.0000,0,0,0,0,81.491,81.151,100.096,105.728,116.992,357.375,419.722,0.0000,0.062,0.065,6.2,0.0197,1.01,10.37,10.93,11.16,11.62,8.54,7.37
1791477949297_r5_axum-1c_json-large_P5,2026-10-09 01:16:17,omih-83df,Ubuntu 26.04.1 LTS,7.0.0-34-generic,Intel(R) Core(TM) i7-14700HX,off,performance,29.8.1,d29e7e24eb36,1791477949297,5,axum-1c,axum,1,2,P5,120.0,40.0,2.00,120.201,12968,13950,91,false,0.112,56.0,1787,running,0,json-large,256,60.0,3371,56.18,24.13,0.0000,0,0,0,0,4540.956,4276.224,6995.967,7815.167,9535.487,11436.031,12134.967,0.0000,0.057,0.081,5.7,1.0178,1.15,106.17,110.05,111.96,112.34,27.29,65.08
1791477949297_r5_axum-1c_delay_P0,2026-10-09 01:17:51,omih-83df,Ubuntu 26.04.1 LTS,7.0.0-34-generic,Intel(R) Core(TM) i7-14700HX,off,performance,29.8.1,d29e7e24eb36,1791477949297,5,axum-1c,axum,1,2,P0,0.0,0.0,0.00,0.077,0,0,0,false,1.244,58.0,1644,running,0,delay,256,60.0,704740,11745.67,0.02,0.0000,0,0,0,0,21.785,21.695,22.591,22.848,23.360,24.128,26.274,0.0000,0.189,0.201,18.9,0.0161,1.17,8.77,9.38,11.09,12.33,7.03,6.62
1791477949297_r5_axum-1c_echo-json_P0,2026-10-09 01:19:25,omih-83df,Ubuntu 26.04.1 LTS,7.0.0-34-generic,Intel(R) Core(TM) i7-14700HX,off,performance,29.8.1,d29e7e24eb36,1791477949297,5,axum-1c,axum,1,2,P0,0.0,0.0,0.00,0.078,0,0,0,false,1.243,58.0,2100,running,0,echo-json,256,60.0,1561077,26017.95,47.29,0.0000,0,0,0,0,9.834,9.759,10.143,10.143,10.335,10.784,14.297,0.0000,1.000,1.000,100.0,0.0384,1.33,11.27,11.85,12.17,12.62,8.20,6.61
1791477949297_r5_axum-1c_json-large_P0,2026-10-09 01:20:59,omih-83df,Ubuntu 26.04.1 LTS,7.0.0-34-generic,Intel(R) Core(TM) i7-14700HX,off,performance,29.8.1,d29e7e24eb36,1791477949297,5,axum-1c,axum,1,2,P0,0.0,0.0,0.00,0.056,0,0,0,false,0.481,58.0,2092,running,0,json-large,256,60.0,77382,1289.70,553.85,0.0000,0,0,0,0,198.493,201.215,203.263,203.263,204.287,206.335,410.265,0.0000,1.000,1.000,100.0,0.7752,1.22,23.65,24.37,24.76,25.35,17.97,18.29
1791477949297_r5_axum-1c_json_P0,2026-10-09 01:22:33,omih-83df,Ubuntu 26.04.1 LTS,7.0.0-34-generic,Intel(R) Core(TM) i7-14700HX,off,performance,29.8.1,d29e7e24eb36,1791477949297,5,axum-1c,axum,1,2,P0,0.0,0.0,0.00,0.082,0,0,0,false,8.097,59.0,2100,running,0,json,256,60.0,5826350,97105.83,2.50,0.0000,0,0,0,0,2.628,2.663,2.792,2.872,3.143,4.399,7.698,0.0000,1.000,1.000,100.0,0.0103,1.05,9.61,10.90,12.18,12.38,7.30,6.39
1791477949297_r5_axum-1c_upload_P0,2026-10-09 01:24:07,omih-83df,Ubuntu 26.04.1 LTS,7.0.0-34-generic,Intel(R) Core(TM) i7-14700HX,off,performance,29.8.1,d29e7e24eb36,1791477949297,5,axum-1c,axum,1,2,P0,0.0,0.0,0.00,0.086,0,0,13031,false,2.171,59.0,2099,running,0,upload,256,60.0,185233,3087.22,0.05,0.0000,0,0,0,0,82.715,82.175,83.200,83.712,87.296,110.847,116.086,0.0000,1.000,1.000,100.0,0.3239,1.02,324.97,331.29,333.43,357.94,86.84,181.91
1791477949297_r5_axum-1c_cpu_P0,2026-10-09 01:25:47,omih-83df,Ubuntu 26.04.1 LTS,7.0.0-34-generic,Intel(R) Core(TM) i7-14700HX,off,performance,29.8.1,d29e7e24eb36,1791477949297,5,axum-1c,axum,1,2,P0,0.0,0.0,0.00,0.074,0,0,0,false,0.013,58.0,2099,running,0,cpu,256,60.0,2447,40.78,0.00,0.0000,0,0,0,0,6170.600,6275.072,6275.072,6275.072,6275.072,6275.072,6283.210,0.0000,1.000,1.000,100.0,24.5155,1.11,213.60,214.73,214.87,215.05,212.03,210.88
